Category,Unit,Variable,Description,Generic,Hassi R'Mel,Girassol,Kuito,Takula,Cossack,Azeri,Frade,Lula,Midale (Southeast Saskatchewan),Hibernia,Bozhong,Huizhou 21-1,Qinhuangdao 32-6,Cano Limon,Cusiana,Dansk (Dan/Gorm),Dansk (Dan/Gorm/Tyra),Sacha,Bombay High,Duri,Minas,Ardeshir,Marun,Kirkuk,Rumaila,West Qurna -2,Zubair,Tengiz,Burgan,Ratawi,Waha,Cantarell,Chuc,Agbami,Bonga,Bonny,Escravos Beach,Obagi,Pennington,Ekofisk,Oseberg,Skarv,Bul Hanine,Dukhan,Chayvo,Romashkinskoye,Samotlor,Safaniya,Ghawar,Zuluf,Fath,Murban,Brent,Forties,Forties,ANS,Bakken - Flaring,Bakken - No flaring,Bakken - All,Eagle Ford - Black oil,Eagle Ford - Volatile oil,Eagle Ford - Condensate,Eagle Ford - Gas,East Texas Field,Lake Washington Field,Mars,Midway-Sunset,Midway-Sunset - 25 pct solar,Midway-Sunset - 50 pct solar,Midway-Sunset - 75 pct solar,Salt Creek,WC,South Belridge,Spraberry field,Thunder Horse,Wilmington-Duffy,Yates,Hamaca,Leona,Orinoco Oil Belt,Santa Barbara,Tia Juana,Cold lake,Foster creek,Suncor,Syncrude,Jackpine/Scotford,CNRL Horizon,Cold lake,Foster creek,Suncor,Syncrude,Jackpine/Scotford,Cold lake,Foster creek,Suncor,Syncrude,Jackpine/Scotford,CO2 default,CO2 high recycle,CO2 low recycle,CO2 seq,CO2 seq 50% credit,CO2 seq 100% credit,CO2 default,CO2 high recycle,CO2 low recycle,CO2 seq,CO2 seq 50% credit,CO2 seq 100% credit,CO2 default,CO2 high recycle,CO2 low recycle,CO2 seq,CO2 seq 50% credit,CO2 seq 100% credit,Diluent Test 0% - Non-integrated mine,Diluent Test 25% - Non integrated mine,Diluent Test 50% - Non integrated mine,Diluent Test 75% - Non-integrated mine,Diluent Test 100% -Non-integrated mine,"Oil sands test: Mine, DC, integrated","Oil sands test: Mine, DC, non-integrated","Oil sands test: Mine, HC, integrated","Oil sands test: Mine, HC, non-integrated","Oil sands test: Mine, HCFC, integrated","Oil sands test: Mine, HCFC, non-integrated",US AVG Gas,US AVG Associated gas,Cant Test,Soku,Brent (Oil),Shah (United Arab Emirates),Akpo (Gas),Puguang,Sulige,Groningen (Netherlands),South Pars 1 (BB),Tabnak,Tamar,Kapuni,Zapolyarnoye,Urengoiskoye,Yamburgskoye,Bovanenkovskoye,Astrakhanskoye,Karachaganak,Shah Deniz Phase One,South Iolotan (Phase 1),Agbami,Troll,Hugoton,Camisea Project,Sleipner Vest,Hassi R`Mel,Idd El Shargi North Dome,Condabri Central (APLNG),Jansz-Io,Gorgon,Vaca Muerta,Eagle Ford,Haynesville,Marcellus,Long Run Montney AB,CRLP,Midway-Sunset - 2.0 comparison test for debbie,Midway-Sunset,Kern River,Canada,Pressure - VLOW,Pressure - LOW,Pressure - MED,Pressure - HIGH,Pressure VHIGH,US Gas 1,US Gas 2,US Gas 3,US Gas 4,US Gas 5,US Gas 6,US Gas 7,US Gas 8,US Gas 9,US Gas 10,US Gas 11,US Gas 12,US Gas 13,US Gas 14,US Gas 15,US Gas 16,US Gas 17,US Gas 18,US Gas 19,US Gas 20,US Gas 21,US Gas 22,US Gas 23,US Gas 24,US Gas 25,US Gas 26,US Gas 27,US Gas 28,US Gas 29,US Gas 30,US Gas 31,US Gas 32,US Gas 33,US Gas 34,US Gas 35,US Gas 36,US Gas 37,US Gas 38,US Gas 39,US Gas 40,US Gas 41,US Gas 42,US Gas 43,US Gas 44,US Gas 5,US Gas 6,US Gas 7,US Gas 8,US Gas 9,US Gas 10,US Gas 11,US Gas 12,US Gas 13,US Gas 14,US Gas 15,US Gas 16,US Gas 17,US Gas 18,US Gas 19,US Gas 20,US Gas 21,US Gas 22,US Gas 23,US Gas 24,US Gas 25,US Gas 26,US Gas 27,US Gas 28,US Gas 29,US Gas 30,US Gas 31,US Gas 32,US Gas 33,US Gas 34,US Gas 36,US Gas 41,US Gas 42,US Gas 43,US Gas 44,US Gas 45,US Gas 46,US Gas 47,US Gas 48,US Gas 49,US Gas 50,US Gas 51,US Gas 52,US Gas 53,US Gas 54,US Gas 55,US Gas 56,US Gas 57,US Gas 58,US Gas 59,US Gas 60,US Oil 1,US Oil 2,US Oil 3,Test 1 - Generic,Test 2 - High WOR 1,Test 3 - High WOR 2,Test 4 - High WOR 3,Test 5 - High WOR 4,Test 6 - High GOR 1,Test 7 - High GOR 2,Test 8 - High GOR 3,Test 9 - High GOR 4,Test 10- High WOR/WIR 1,Test 11- High WOR/WIR 2,Test 12- High WOR/WIR 3,Test 13- High WOR/WIR 4,Test 14 - Gas lift 1,Test 15 - Gas lift 2,Test 16 - Gas lift 3,Test 17 - Gas lift 4,Test 18 - Gas reinjection 1,Test 19 - Gas reinjection 2,Test 20 - Gas reinjection 3,Test 21 - Gas reinjection 4,Test 22- CO2 default / Natural / Path 6,Test 23 - CO2 high recycle / Natural / Path 6,Test 24 - CO2 low recycle / Natural / Path 6,Test 25 - CO2 seq / Anthro / Path 6,Test 26 - CO2 seq 50% credit / Anthro / Path 6,Test 27 - CO2 seq 100% credit / Anthro / Path 6,Test 28 - CO2 default / Natural / Path 7,Test 29 - CO2 high recycle/ Natural / Path 7,Test 30 - CO2 low recycle / Natural / Path 7,Test 31 - CO2 seq / Anthro / Path 7,Test 32 - CO2 seq 50% credit / Anthro / Path 7,Test 33 - CO2 seq 100% credit / Anthro / Path 7,Test 34 - CO2 default / Natural / Path 8,Test 35 - CO2 high recycle / Natural / Path 8,Test 36 - CO2 low recycle / Natural / Path 8,Test 37 - CO2 seq / Anthro / Path 8,Test 38 - CO2 seq 50% credit / Anthro / Path 8,Test 39 - CO2 seq 100% credit / Anthro / Path 8,Test 40 - Diluent Test 0%,Test 41 - Diluent Test 25%,Test 42 - Diluent Test 50%,Test 43 - Diluent Test 75%,Test 44 - Diluent Test 100%,"Test 45 - Oil sands test: Mine, DC, integrated","Test 46 - Oil sands test: Mine, DC, non-integrated","Test 47 - Oil sands test: Mine, HC, integrated","Test 48 - Oil sands test: Mine, HC, non-integrated","Test 49 - Oil sands test: Mine, HCFC, integrated","Test 50 - Oil sands test: Mine, HCFC, non-integrated",Test 51 - Thermal EOR 1 / SOR = 2 / 0% Co-gen,Test 52 - Thermal EOR 2 / SOR = 4 / 0% Co-gen,Test 53 - Thermal EOR 3 / SOR = 6 / 0% Co-gen,Test 54 - Thermal EOR 4 / SOR = 2 / 50% Co-gen,Test 55 - Thermal EOR 5 / SOR = 4 / 50% Co-gen,Test 56 - Thermal EOR 6 / SOR = 6 / 50% Co-gen,Test 57 - Thermal EOR 4 / SOR = 2 / 75% Co-gen,Test 58 - Thermal EOR 5 / SOR = 4 / 75% Co-gen,Test 59 - Thermal EOR 6 / SOR = 6 / 75% Co-gen,Test 60 - Thermal EOR 4 / SOR = 2 / 100% Co-gen,Test 61 - Thermal EOR 5 / SOR = 4 / 100% Co-gen,Test 62 - Thermal EOR 6 / SOR = 6 / 100% Co-gen,Test 63 - Thermal EOR 7 / SOR = 2 / 25% solar,Test 64 - Thermal EOR 8 / SOR = 4 / 25% solar,Test 65 - Thermal EOR 9 / SOR = 6 / 25% solar,Test 66 - Thermal EOR 10 / SOR = 2 / 50% solar,Test 67 - Thermal EOR 11 / SOR = 4 / 50% solar,Test 68 - Thermal EOR 12 / SOR = 6 / 50% solar,Test 69 - Gas processing option 1,Test 70 - Gas processing option 2,Test 71 - Gas processing option 3,Test 72 - Gas processing option 4,Test 73 - Gas processing option 6,Test 74 - Gas processing option 7,Test 75 - Gas processing option 8,Test 76 - Depleted,Test 77 - Very depleted,Test 78 - Low pressure,Test 79 - High temperature,Test 80 - Offshore,Test 81 - Very light oil,Test 82 - Heavy oil primary recovery,Test 83 - Sour gas,Test 84 - Very sour gas,Test 85 - Rich gas,Test 86 - Very rich gas,Test 87 - Stabilizer and heater/treater on,Test 88 - No H/T or stabilizer,Test 89 - High flaring rate 1,Test 90 - High flaring rate 2,Test 91 - High flaring rate 3,Test 92 - High venting rate 1,Test 93 - High venting rate 2,Test 94 - High venting rate 3,Test 95 - Low land use,Test 96 - High land use,Test 97 - Long distance tanker,Test 98 - Long distance pipeline,Test 99 - Low PI,Test 100 - High PI,Generic
Production methods,,downhole_pump,Downhole pump,1,1,0,0,1,0,1,0,1,0,0,1,0,1,1,1,0,0,1,0,1,1,1,1,1,1,1,0,0,1,0,1,1,1,0,0,0,1,0,1,0,1,0,1,1,1,1,1,0,1,1,0,0,1,0,1,0,1,1,1,1,1,1,1,1,1,0,1,1,1,1,1,1,1,1,0,1,1,1,1,1,1,1,1,1,0,0,0,0,1,1,0,0,0,1,1,0,0,0,1,1,1,1,1,1,1,1,1,1,1,1,1,1,1,1,1,1,,,,,,0,0,0,0,0,0,1,1,1,1,1,1,1,1,1,1,1,1,1,1,1,1,1,1,1,1,1,1,1,1,1,1,1,0,1,1,1,1,1,1,1,1,1,1,1,,,1,,,,,,,,,,,,,,,,,,,,,,,,,,,,,,,,,,,,,,,,,,,,,,,,,,,,,,,,,,,,,,,,,,,,,,,,,,,,,,,,1,,,,,,,,,,,,,,,,,,,,,,,,1,1,1,1,1,1,1,1,1,1,1,1,1,0,0,0,0,1,1,1,1,1,1,1,1,1,1,1,1,1,1,1,1,1,1,1,1,1,1,,,,,,0,0,0,0,0,0,1,1,1,1,1,1,1,1,1,1,1,1,1,1,1,1,1,1,,,,,1,1,1,,,,,,,,,,,,,,,,,,,,,,,,,,1
,,water_reinjection,Water reinjection,1,0,1,1,1,0,1,1,1,1,0,1,1,0,0,1,1,0,0,0,0,1,0,0,1,1,0,1,0,0,0,0,1,0,0,1,0,0,1,0,1,1,1,0,1,0,0,0,0,1,0,1,0,0,1,1,0,0,0,0,0,0,0,0,0,1,0,1,1,1,1,1,1,1,0,0,0,0,0,1,0,1,0,0,0,0,0,0,0,0,0,0,0,0,0,0,0,0,0,1,1,1,1,1,1,1,1,1,1,1,1,1,1,1,1,1,1,0,0,0,0,0,0,0,0,0,0,0,0,0,1,,0,,1,,,1,,,,,,,,,,,1,,0,,,,0,,,,,,,0,1,1,,0,1,1,1,0,,,,,,,,,,,,,,,,,,,,,,,,,,,,,,,,,,,,,,,,,,,,,,,,,,,,,,,,,,,,,,,,,,,,,,,,,,,,,,,,1,,,,,,,,,,,,,,,,,,,,,,,,1,1,1,1,1,1,1,1,1,1,1,1,1,1,1,1,1,1,1,1,1,1,1,1,1,1,1,1,1,1,1,1,1,1,1,1,1,1,1,0,0,0,0,0,0,0,0,0,0,0,0,0,0,0,0,0,0,0,0,0,0,0,0,0,0,0,0,0,,,,,1,1,1,,,,,,,,,,,,,,,,,,,,,,,,,,1
,,natural_gas_reinjection,Natural gas reinjection,1,1,1,,0,0,0,0,0,1,1,1,0,0,0,1,0,1,0,0,0,0,0,0,0,0,0,0,1,0,0,0,0,0,1,0,0,0,0,0,1,1,1,1,1,1,0,0,0,0,0,0,1,0,0,0,1,0,0,0,0,0,0,0,0,0,0,0,0,0,0,1,0,0,0,0,0,1,0,0,0,0,0,0,0,0,0,0,0,0,0,0,0,0,0,0,0,0,0,0,0,0,0,0,0,0,0,0,0,0,0,0,0,0,0,0,0,0,0,0,0,0,0,0,0,0,0,0,0,0,1,0,,,1,,,,,,,0,,,,,,1,,,1,1,,,1,1,,,1,1,,,,,,0,0,1,0,0,,,,,,,,,,,,,,,,,,,,,,,,,,,,,,,,,,,,,,,,,,,,,,,,,,,,,,,,,,,,,,,,,,,,,,,,,,,,,,,,0,,,,,,,,,,,,,,,,,,,,,,,,1,1,1,1,1,1,1,1,1,1,1,1,1,1,1,1,1,1,1,1,1,0,0,0,0,0,0,0,0,0,0,0,0,0,0,0,0,0,0,0,0,0,0,0,0,0,0,0,0,0,0,0,0,0,0,0,0,0,0,0,0,0,0,0,0,0,0,0,,,,,0,0,0,,,,,,,,,,,,,,,,,,,,,,,,,,1
,,water_flooding,Water flooding,0,0,0,0,0,0,0,0,0,0,0,0,0,1,0,0,0,0,1,1,0,0,0,0,0,0,0,0,0,0,1,0,0,0,1,0,0,0,0,0,0,0,0,0,0,0,1,1,0,0,0,0,0,0,0,0,1,0,0,0,0,0,0,0,1,0,1,0,0,0,0,0,0,0,1,1,1,1,0,0,0,0,0,0,0,0,0,0,0,0,0,0,0,0,0,0,0,0,0,0,0,0,0,0,0,0,0,0,0,0,0,0,0,0,0,0,0,,,,,,0,0,0,0,0,0,0,0,0,,0,,,,,,,,,,,,,,,,,,1,,,,0,,,,,,,0,,,,0,0,0,0,1,,,,,,,,,,,,,,,,,,,,,,,,,,,,,,,,,,,,,,,,,,,,,,,,,,,,,,,,,,,,,,,,,,,,,,,,,,,,,,,,0,,,,,,,,,,,,,,,,,,,,,,,,0,0,0,0,0,0,0,0,0,0,0,0,0,0,0,0,0,0,0,0,0,0,0,0,0,0,0,0,0,0,0,0,0,0,0,0,0,0,0,,,,,,0,0,0,0,0,0,0,0,0,0,0,0,0,0,0,0,0,0,0,0,0,0,0,0,,,,,0,0,0,,,,,,,,,,,,,,,,,,,,,,,,,,0
,,gas_lifting,Gas lifting,0,0,1,1,0,1,0,1,0,0,0,0,1,0,0,0,0,0,0,1,0,0,0,0,0,0,0,0,0,0,0,0,0,0,0,1,0,0,1,0,0,0,0,0,0,0,0,0,1,0,0,1,0,0,1,0,1,0,0,0,0,0,0,0,0,0,0,0,0,0,0,0,0,0,0,0,0,0,0,0,0,0,0,0,0,0,0,0,0,0,0,0,0,0,0,0,0,0,0,0,0,0,0,0,0,0,0,0,0,0,0,0,0,0,0,0,0,,,,,,0,0,0,0,0,0,0,0,0,0,,,0,,,,,,,,,,,,,,,,0,,,,,1,,,,,,0,,,,0,0,,,0,,,,,,,,,,,,,,,,,,,,,,,,,,,,,,,,,,,,,,,,,,,,,,,,,,,,,,,,,,,,,,,,,,,,,,,,,,,,,,,,0,,,,,,,,,,,,,,,,,,,,,,,,0,0,0,0,0,0,0,0,0,0,0,0,0,1,1,1,1,0,0,0,0,0,0,0,0,0,0,0,0,0,0,0,0,0,0,0,0,0,0,,,,,,0,0,0,0,0,0,0,0,0,0,0,0,0,0,0,0,0,0,0,0,0,0,0,0,,,,,0,0,0,,,,,,,,,,,,,,,,,,,,,,,,,,0
,,gas_flooding,Gas flooding,0,0,0,0,0,0,0,0,1,0,0,0,0,0,0,0,0,0,0,0,0,0,0,1,0,0,0,0,0,0,0,0,1,0,0,0,0,0,0,0,0,0,0,0,0,0,0,0,0,0,0,0,0,0,0,0,0,0,0,0,0,0,0,0,0,0,0,0,0,0,0,0,0,0,0,0,0,0,0,0,0,0,0,0,0,0,0,0,0,0,0,0,0,0,0,0,0,0,0,1,1,1,1,1,1,1,1,1,1,1,1,1,1,1,1,1,1,,,,,,0,0,0,0,0,0,0,0,0,,,,,,,,,,,,,,,,,,,,0,0,,,0,,,,0,0,,0,,,,0,0,,,1,,,,,,,,,,,,,,,,,,,,,,,,,,,,,,,,,,,,,,,,,,,,,,,,,,,,,,,,,,,,,,,,,,,,,,,,,,,,,,,,1,,,,,,,,,,,,,,,,,,,,,,,,0,0,0,0,0,0,0,0,0,0,0,0,0,0,0,0,0,0,0,0,0,1,1,1,1,1,1,1,1,1,1,1,1,1,1,1,1,1,1,,,,,,0,0,0,0,0,0,0,0,0,0,0,0,0,0,0,0,0,0,0,0,0,0,0,0,,,,,1,1,1,,,,,,,,,,,,,,,,,,,,,,,,,,0
,,steam_flooding,Steam flooding,0,0,0,0,0,0,0,0,0,0,0,0,0,0,0,0,0,0,0,0,1,0,0,0,0,0,0,0,0,0,0,0,0,0,0,0,0,0,0,0,0,0,0,0,0,0,0,0,0,0,0,0,0,0,0,0,0,0,0,0,0,0,0,0,0,0,0,1,1,1,1,0,0,1,0,0,0,0,0,0,1,0,1,1,1,0,0,0,0,1,1,0,0,0,1,1,0,0,0,0,0,0,0,0,0,0,0,0,0,0,0,0,0,0,0,0,0,,,,,,0,0,0,0,0,0,0,0,0,,,,,,,,,,,,,,,,,,,,0,,,,,,,,,,,0,,,,1,1,1,1,0,,,,,,,,,,,,,,,,,,,,,,,,,,,,,,,,,,,,,,,,,,,,,,,,,,,,,,,,,,,,,,,,,,,,,,,,,,,,,,,,0,,,,,,,,,,,,,,,,,,,,,,,,0,0,0,0,0,0,0,0,0,0,0,0,0,0,0,0,0,0,0,0,0,0,0,0,0,0,0,0,0,0,0,0,0,0,0,0,0,0,0,1,1,1,1,1,0,0,0,0,0,0,1,1,1,1,1,1,1,1,1,1,1,1,1,1,1,1,1,1,,,,,0,0,0,,,,,,,,,,,,,,,,,,,,,,,,,,0
,,oil_sands_mine_int,Oil sands mine (integrated with upgrader),0,0,0,0,0,0,0,0,0,0,0,0,0,0,0,0,0,0,0,0,0,0,0,0,0,0,0,0,0,0,0,0,0,0,0,0,0,0,0,0,0,0,0,0,0,0,0,0,0,0,0,0,0,0,0,0,0,0,0,0,0,0,0,0,0,0,0,0,0,0,0,0,0,0,0,0,0,0,0,0,0,0,0,0,0,1,1,0,0,0,0,1,1,0,0,0,1,1,0,0,0,0,0,0,0,0,0,0,0,0,0,0,0,0,0,0,0,,,,,,1,0,1,0,1,0,0,0,0,,,,,,,,,,,,,,,,,,,,0,,,,,,,,,,,0,,,,0,0,,,0,,,,,,,,,,,,,,,,,,,,,,,,,,,,,,,,,,,,,,,,,,,,,,,,,,,,,,,,,,,,,,,,,,,,,,,,,,,,,,,,0,,,,,,,,,,,,,,,,,,,,,,,,0,0,0,0,0,0,0,0,0,0,0,0,0,0,0,0,0,0,0,0,0,0,0,0,0,0,0,0,0,0,0,0,0,0,0,0,0,0,0,,,,,,1,0,1,0,1,0,0,0,0,0,0,0,0,0,0,0,0,0,0,0,0,0,0,0,,,,,0,0,0,,,,,,,,,,,,,,,,,,,,,,,,,,0
,,oil_sands_mine_non_int,Oil sands mine (non-integrated with upgrader),0,0,0,0,0,0,0,0,0,0,0,0,0,0,0,0,0,0,0,0,0,0,0,0,0,0,0,0,0,0,0,0,0,0,0,0,0,0,0,0,0,0,0,0,0,0,0,0,0,0,0,0,0,0,0,0,0,0,0,0,0,0,0,0,0,0,0,0,0,0,0,0,0,0,0,0,0,0,0,0,0,0,0,0,0,0,0,1,1,0,0,0,0,1,0,0,0,0,1,0,0,0,0,0,0,0,0,0,0,0,0,0,0,0,0,0,0,1,1,1,1,1,0,1,0,1,0,1,0,0,0,,,,,,,,,,,,,,,,,,,,0,,,,,,,,,,,0,,,,0,0,,,0,,,,,,,,,,,,,,,,,,,,,,,,,,,,,,,,,,,,,,,,,,,,,,,,,,,,,,,,,,,,,,,,,,,,,,,,,,,,,,,,0,,,,,,,,,,,,,,,,,,,,,,,,0,0,0,0,0,0,0,0,0,0,0,0,0,0,0,0,0,0,0,0,0,0,0,0,0,0,0,0,0,0,0,0,0,0,0,0,0,0,0,,,,,,0,1,0,1,0,1,0,0,0,0,0,0,0,0,0,0,0,0,0,0,0,0,0,0,,,,,0,0,0,,,,,,,,,,,,,,,,,,,,,,,,,,0
Field properties,,country,Field location (Country),Generic,Algeria,Angola,Angola,Angola,Australia,Azerbaijan,Brazil,Brazil,Canada,Canada,China,China,China,Colombia,Colombia,Denmark,Denmark,Ecuador,India,Indonesia,Indonesia,Iran,Iran,Iraq,Iraq,Iraq,Iraq,Kazakhstan,Kuwait,Kuwait,Libya,Mexico,Mexico,Nigeria,Nigeria,Nigeria,Nigeria,Nigeria,Nigeria,Norway,Norway,Norway,Qatar,Qatar,Russian Federation,Russian Federation,Russian Federation,Saudi Arabia,Saudi Arabia,Saudi Arabia,United Arab Emirates,United Arab Emirates,United Kingdom,United Kingdom,United Kingdom,United States,United States,United States,United States,United States,United States,United States,United States,United States,United States,United States,United States,United States,United States,United States,United States,United States,United States,United States,United States,United States,United States,Venezuela,Venezuela,Venezuela,Venezuela,Venezuela,Canada,Canada,Canada,Canada,Canada,Canada,Canada,Canada,Canada,Canada,Canada,Canada,Canada,Canada,Canada,Canada,United States,United States,United States,United States,United States,United States,United States,United States,United States,United States,United States,United States,United States,United States,United States,United States,United States,United States,,,,,,Canada,Canada,Canada,Canada,Canada,Canada,United States,United States,Mexico,Nigeria,United Kingdom,United Arab Emirates,Nigeria,China,China,Netherlands,Iran,Iran,Israel,New Zealand,Russian Federation,Russian Federation,Russian Federation,Russian Federation,Russian Federation,Kazakhstan,Azerbaijan,Turkmenistan,Nigeria,Norway,USA,Peru,Norway,Algeria,Qatar,Australia,Australia,Australia,Argentina,United States,USA,USA,Canada,Canada,United States,California,California,Canada,United States,United States,United States,United States,United States,United States,United States,United States,United States,United States,United States,United States,United States,United States,United States,United States,United States,United States,United States,United States,United States,United States,United States,United States,United States,United States,United States,United States,United States,United States,United States,United States,United States,United States,United States,United States,United States,United States,United States,United States,United States,United States,United States,United States,United States,United States,United States,United States,United States,United States,United States,United States,United States,United States,United States,United States,United States,United States,United States,United States,United States,United States,United States,United States,United States,United States,United States,United States,United States,United States,United States,United States,United States,United States,United States,United States,United States,United States,United States,Brazil,,,,,,,,,,,,,,,,,,,,,,,,Generic,Generic,Generic,Generic,Generic,Generic,Generic,Generic,Generic,Generic,Generic,Generic,Generic,Generic,Generic,Generic,Generic,Generic,Generic,Generic,Generic,United States,United States,United States,United States,United States,United States,United States,United States,United States,United States,United States,United States,United States,United States,United States,United States,United States,United States,,,,,,Canada,Canada,Canada,Canada,Canada,Canada,,,,,,,,,,,,,,,,,,,,,,,,,,,,,,,,,,,,,,,,,,,,,,,,,,,Generic
,,name,Field name,Generic,Hassi R'Mel,Girassol,Kuito,Takula,Cossack,Azeri,Frade,Lula,Midale (Southeast Saskatchewan),Hibernia,Bozhong,Huizhou 21-1,Qinhuangdao 32-6,Cano Limon,Cusiana,Dansk (Dan/Gorm),Dansk (Dan/Gorm/Tyra),Sacha,Bombay High,Duri,Minas,Ardeshir,Marun,Kirkuk,Rumaila,West Qurna -2,Zubair,Tengiz,Burgan,Ratawi,Waha,Cantarell,Chuc,Agbami,Bonga,Bonny,Escravos Beach,Obagi,Pennington,Ekofisk,Oseberg,Skarv,Bul Hanine,Dukhan,Chayvo,Romashkinskoye,Samotlor,Safaniya,Ghawar,Zuluf,Fath,Murban,Brent,Forties,Forties,ANS,Bakken - Flaring,Bakken - No flaring,Bakken - All,Eagle Ford - Black oil,Eagle Ford - Volatile oil,Eagle Ford - Condensate,Eagle Ford - Gas,East Texas Field,Lake Washington Field,Mars,Midway-Sunset,Midway-Sunset - 25 pct solar,Midway-Sunset - 50 pct solar,Midway-Sunset - 75 pct solar,Salt Creek,WC,South Belridge,Spraberry field,Thunder Horse,Wilmington-Duffy,Yates,Hamaca,Leona,Orinoco Oil Belt,Santa Barbara,Tia Juana,Cold lake,Foster creek,Suncor,Syncrude,Jackpine/Scotford,CNRL Horizon,Cold lake,Foster creek,Suncor,Syncrude,Jackpine/Scotford,Cold lake,Foster creek,Suncor,Syncrude,Jackpine/Scotford,CO2 default,CO2 high recycle,CO2 low recycle,CO2 seq,CO2 seq 50% credit,CO2 seq 100% credit,CO2 default,CO2 high recycle,CO2 low recycle,CO2 seq,CO2 seq 50% credit,CO2 seq 100% credit,CO2 default,CO2 high recycle,CO2 low recycle,CO2 seq,CO2 seq 50% credit,CO2 seq 100% credit,Diluent Test 0% - Non-integrated mine,Diluent Test 25% - Non integrated mine,Diluent Test 50% - Non integrated mine,Diluent Test 75% - Non-integrated mine,Diluent Test 100% -Non-integrated mine,"Oil sands test: Mine, DC, integrated","Oil sands test: Mine, DC, non-integrated","Oil sands test: Mine, HC, integrated","Oil sands test: Mine, HC, non-integrated","Oil sands test: Mine, HCFC, integrated","Oil sands test: Mine, HCFC, non-integrated",US AVG Gas,US AVG Associated gas,Cant Test,Soku,Brent (Oil),Shah (United Arab Emirates),Akpo (Gas),Puguang,Sulige,Groningen (Netherlands),South Pars 1 (BB),Tabnak,Tamar,Kapuni,Zapolyarnoye,Urengoiskoye,Yamburgskoye,Bovanenkovskoye,Astrakhanskoye,Karachaganak,Shah Deniz Phase One,South Iolotan (Phase 1),Agbami,Troll,Hugoton,Camisea Project,Sleipner Vest,Hassi R`Mel,Idd El Shargi North Dome,Condabri Central (APLNG),Jansz-Io,Gorgon,Vaca Muerta,Eagle Ford,Haynesville,Marcellus,Long Run Montney AB,CRLP,Midway-Sunset - 2.0 comparison test for debbie,Midway-Sunset,Kern River,Canada,Pressure - VLOW,Pressure - LOW,Pressure - MED,Pressure - HIGH,Pressure VHIGH,US Gas 1,US Gas 2,US Gas 3,US Gas 4,US Gas 5,US Gas 6,US Gas 7,US Gas 8,US Gas 9,US Gas 10,US Gas 11,US Gas 12,US Gas 13,US Gas 14,US Gas 15,US Gas 16,US Gas 17,US Gas 18,US Gas 19,US Gas 20,US Gas 21,US Gas 22,US Gas 23,US Gas 24,US Gas 25,US Gas 26,US Gas 27,US Gas 28,US Gas 29,US Gas 30,US Gas 31,US Gas 32,US Gas 33,US Gas 34,US Gas 35,US Gas 36,US Gas 37,US Gas 38,US Gas 39,US Gas 40,US Gas 41,US Gas 42,US Gas 43,US Gas 44,US Gas 45,US Gas 46,US Gas 47,US Gas 48,US Gas 49,US Gas 50,US Gas 51,US Gas 52,US Gas 53,US Gas 54,US Gas 55,US Gas 56,US Gas 57,US Gas 58,US Gas 59,US Gas 60,US Oil 1,US Oil 2,US Oil 3,US Oil 4,US Oil 5,US Oil 6,US Oil 7,US Oil 8,US Oil 9,US Oil 10,US Oil 11,US Oil 12,US Oil 13,US Oil 14,Lula,US_Anadarko,US_DJ,US_FW,US_GreR,US_GulfW,US_GulfC,US_GulfE,US_PermC,US_PermD,US_PermM,US_Pice,US_PowR,US_Sacra,US_SanJ,US_Uint,US_Will,US_AppU,US_AppM,US_ARKH,US_ArkF,US_ArkW,US_Raton,US_SJF,Test 1 - Generic,Test 2 - High WOR 1,Test 3 - High WOR 2,Test 4 - High WOR 3,Test 5 - High WOR 4,Test 6 - High GOR 1,Test 7 - High GOR 2,Test 8 - High GOR 3,Test 9 - High GOR 4,Test 10- High WOR/WIR 1,Test 11- High WOR/WIR 2,Test 12- High WOR/WIR 3,Test 13- High WOR/WIR 4,Test 14 - Gas lift 1,Test 15 - Gas lift 2,Test 16 - Gas lift 3,Test 17 - Gas lift 4,Test 18 - Gas reinjection 1,Test 19 - Gas reinjection 2,Test 20 - Gas reinjection 3,Test 21 - Gas reinjection 4,Test 22- CO2 default / Natural / Path 6,Test 23 - CO2 high recycle / Natural / Path 6,Test 24 - CO2 low recycle / Natural / Path 6,Test 25 - CO2 seq / Anthro / Path 6,Test 26 - CO2 seq 50% credit / Anthro / Path 6,Test 27 - CO2 seq 100% credit / Anthro / Path 6,Test 28 - CO2 default / Natural / Path 7,Test 29 - CO2 high recycle/ Natural / Path 7,Test 30 - CO2 low recycle / Natural / Path 7,Test 31 - CO2 seq / Anthro / Path 7,Test 32 - CO2 seq 50% credit / Anthro / Path 7,Test 33 - CO2 seq 100% credit / Anthro / Path 7,Test 34 - CO2 default / Natural / Path 8,Test 35 - CO2 high recycle / Natural / Path 8,Test 36 - CO2 low recycle / Natural / Path 8,Test 37 - CO2 seq / Anthro / Path 8,Test 38 - CO2 seq 50% credit / Anthro / Path 8,Test 39 - CO2 seq 100% credit / Anthro / Path 8,Test 40 - Diluent Test 0%,Test 41 - Diluent Test 25%,Test 42 - Diluent Test 50%,Test 43 - Diluent Test 75%,Test 44 - Diluent Test 100%,"Test 45 - Oil sands test: Mine, DC, integrated","Test 46 - Oil sands test: Mine, DC, non-integrated","Test 47 - Oil sands test: Mine, HC, integrated","Test 48 - Oil sands test: Mine, HC, non-integrated","Test 49 - Oil sands test: Mine, HCFC, integrated","Test 50 - Oil sands test: Mine, HCFC, non-integrated",Test 51 - Thermal EOR 1 / SOR = 2 / 0% Co-gen,Test 52 - Thermal EOR 2 / SOR = 4 / 0% Co-gen,Test 53 - Thermal EOR 3 / SOR = 6 / 0% Co-gen,Test 54 - Thermal EOR 4 / SOR = 2 / 50% Co-gen,Test 55 - Thermal EOR 5 / SOR = 4 / 50% Co-gen,Test 56 - Thermal EOR 6 / SOR = 6 / 50% Co-gen,Test 57 - Thermal EOR 4 / SOR = 2 / 75% Co-gen,Test 58 - Thermal EOR 5 / SOR = 4 / 75% Co-gen,Test 59 - Thermal EOR 6 / SOR = 6 / 75% Co-gen,Test 60 - Thermal EOR 4 / SOR = 2 / 100% Co-gen,Test 61 - Thermal EOR 5 / SOR = 4 / 100% Co-gen,Test 62 - Thermal EOR 6 / SOR = 6 / 100% Co-gen,Test 63 - Thermal EOR 7 / SOR = 2 / 25% solar,Test 64 - Thermal EOR 8 / SOR = 4 / 25% solar,Test 65 - Thermal EOR 9 / SOR = 6 / 25% solar,Test 66 - Thermal EOR 10 / SOR = 2 / 50% solar,Test 67 - Thermal EOR 11 / SOR = 4 / 50% solar,Test 68 - Thermal EOR 12 / SOR = 6 / 50% solar,Test 69 - Gas processing option 1,Test 70 - Gas processing option 2,Test 71 - Gas processing option 3,Test 72 - Gas processing option 4,Test 73 - Gas processing option 6,Test 74 - Gas processing option 7,Test 75 - Gas processing option 8,Test 76 - Depleted,Test 77 - Very depleted,Test 78 - Low pressure,Test 79 - High temperature,Test 80 - Offshore,Test 81 - Very light oil,Test 82 - Heavy oil primary recovery,Test 83 - Sour gas,Test 84 - Very sour gas,Test 85 - Rich gas,Test 86 - Very rich gas,Test 87 - Stabilizer and heater/treater on,Test 88 - No H/T or stabilizer,Test 89 - High flaring rate 1,Test 90 - High flaring rate 2,Test 91 - High flaring rate 3,Test 92 - High venting rate 1,Test 93 - High venting rate 2,Test 94 - High venting rate 3,Test 95 - Low land use,Test 96 - High land use,Test 97 - Long distance tanker,Test 98 - Long distance pipeline,Test 99 - Low PI,Test 100 - High PI,Generic
,yr,age,Field age,38,48,12,17,35,27,17,4,11,60,15,23,25,16,32,24,42,29,49,41,55,58,46,51,83,45,2,60,22,69,57,56,35,33,5,9,40,45,47,,42,28,2,45,77,8,69,48,64,63,42,49,54,37,38,38,45,5,5,5,6,6,6,6,87,82,17,120,120,120,120,120,13,103,68,5,82,91,13,77,97,74,72,,,,,,,,,,,,,,,,,,,,,,,,,,,,,,,,,,,,,,,,,,,,,,50,50,35,46,40,2,8,7,11,54,15,13,4,47,16,39,31,9,31,32,11,4,8.5,,95,13,,43,26,1,2,1,6,5,12,14,12,,121,,,14,,,,,,,,,,,,,,,,,,,,,,,,,,,,,,,,,,,,,,,,,,,,,,,,,,,,,,,,,,,,,,,,,,,,,,,,,,,,,,,,11,86,69,86,83,83,84,88,85,85,83,67,52,42,42,65,68,25,28,78,99,49,50,70,35,35,35,35,35,35,35,35,35,35,35,35,35,35,35,35,35,35,35,35,35,,,,,,,,,,,,,,,,,,,,,,,,,,,,,,,,,,,,,,,,,,,,,,,,,,,,,,,,,,,,,,,,,,,,,,,,,,,,,,,,35
,ft,depth,Field depth,7240,7309,3937,,3200,9719,9075,6730,19737,4600,10065,10500,,3600,7600,15000,6600,6600,9700,4624,600,2000,2800,9501,2600,9022,7223.76,11000,11843,4800,6500,6000,8100,13100,13000,8200,11500,8175,2050,11000,10000,8200,11500,7650,3000,36000,5294,6561,5100,6920,5800,8300,8000,8100,7311,7311,7700,10533,10533,10533,9978,9978,9978,9978,3500,11000,16000,2698,2698,2698,2698,2883,6500,779,7950,16000,2824,,2200,,2400,15670,2250,,,,,,,,,,,,,,,,,,,,,,,,,,,,,,,,,,,100,100,100,100,100,,,,,,,7000,7000,8100,10150,,8000,4347,18617.7,11482.9,9512,10173,10573,16210,11264,3157.5,13123,3610,4100,13285,14213,5272.5,14108,12648,6224.3,2650,8513.8,10674,7309.5,8050,800,,14408,10170,9978,12500,6950,7956,1246.7,2698,2698,850,6148,,,,,,,,,,,,,,,,,,,,,,,,,,,,,,,,,,,,,,,,,,,,,,,,,,,,,,,,,,,,,,,,,,,,,,,,,,,,,,,,19737,6510,8642,4936,9788,7320,6989,9349,5307,7415,7525,7379,4870,6294,2802,8642,9976,9526,7137,10101.5,4661,6065,2064,2882,7240,7240,7240,7240,7240,7240,7240,7240,7240,7240,7240,7240,7240,7240,7240,7240,7240,7240,7240,7240,7240,,,,,,,,,,,,,,,,,,,2000,2000,2000,2000,2000,,,,,,,2000,2000,2000,2000,2000,2000,2000,2000,2000,2000,2000,2000,2000,2000,2000,2000,2000,2000,,,,,,,,,,,,,,,,,,,,,,,,,,,,,,,,,7240
,bbl/d,oil_prod,Oil production volume,2098,180000,175000,25019.48,105000,60000,655700,16912,1050000,5000,135483,90000,12403,36000,76533,220000,44527.78,8964.05,390000,270000,165057,70000,140000,520000,250000,1060000,400000,125130,528767,1400000,90000,345000,750000,69000,233000,97260,2234,3540,9910,266,102000,57122,51000,45000,335000,250000,300000,750000,1500000,5000000,450000,140000,360000,1030,46410,46410,507770,646704,277158,923863,462000,382000,82000,6750,97424,259683,60000,78918,78918,78918,78918,12329,26494,64245,387000,30098,36344.52,20548,158441,33000,532000,177000,100000,,,,,,,,,,,,,,,,,,,,,,,,,,,,,,,,,,,,,,,,,,,,,,7.40E+05,8.60E+06,750000,6071.4,369.8,39227,157682,30,30,369.56,223998,21000,2047.2,653.85,41636,21118,18106,1432.83,62168,217453,52019,21830,233936,120875,69.62,8.50E+04,14033,277922,425000,30,9790.2,13077,216000,2000000,42897,39307,34000,83709,77075,77205.42,70387.79,3340,,,,,,0.4,0.4,0.4,0.4,0.4,0.4,0.4,0.4,0.4,0.4,0.4,0.4,0.4,0.4,0.4,0.4,0.4,0.4,0.4,0.4,0.4,0.4,0.4,0.4,0.4,0.4,0.4,0.4,0.4,0.4,0.4,0.4,0.99,4.07,2.78,32.26,11.59,7.91,91.91,51.57,35.21,409.08,381.96,260.76,3029.98,720.65,491.98,5716.67,2166.84,1479.29,17188.88,867.06,591.93,6878.11,2041,1393.38,16190.63,117.86,80.46,934.97,192790,425170,208860,294520,581920,856460,2722700,953610,676700,99644,38135,40064,269770,205210,1050000,1100745,1063425,101295,87715,2755883,341860,332189,732995,4032110,3328637,41285,5263,80.27,236038,7925,2948886,14602,5.8,34122,7.66,2424,0.6,213,1500,1500,1500,1500,1500,1500,1500,1500,1500,1500,1500,1500,1500,1500,1500,1500,1500,1500,1500,1500,1500,,,,,,,,,,,,,,,,,,,,,,,,,,,,,,1500,1500,1500,1500,1500,1500,1500,1500,1500,1500,1500,1500,1500,1500,1500,1500,1500,1500,,,,,,,,,,,,,,,,,,,,,,,,,,,,,,,,,1500
,,num_prod_wells,Number of producing wells,18,160,24,24,69,12,77,12,6,953,,88,10,99,49,90,85,52,300,580,2500,1400,90,370,150,200,67,30,70,1000,140,,210,19,22,13,33,,56,1,80,30,12,,300,26,,13400,500,3400,270,240,,160,80,80,1515,3656,2141,5806,3695,2855,1237,514,30340,,21,10460,10460,10460,10460,679,758,5135,,4,1315,360,190,29,662,170,1800,,,,,,,,,,,,,,,,,,,,,,,,,,,,,,,,,,,,,,,,,,,,,,486258,199413,210,,146,,22,38.5,9632,258,126,29,5.2,20,,2800,,453,222,100,4,40,22,526,7897,23,23,160,89,2490,10,8,600,8301,1702,2089,2737,177,10460,10060,9928,8,,,,,,3976,2714,31536,6775,4625,53739,4489,3064,35603,4631,3162,36732,5944,4058,47148,2899,1979,22992,3269,2232,25929,700,478,5550,611,418,4847,10,7,72,42,29,330,300,205,2376,407,278,3224,976,667,7742,3218,2197,25524,3112,2125,24681,3124,2133,24776,322,220,2553,280,191,2215,3,2,19,65606,89163,38948,44410,54343,32775,42848,7280,4464,348,114480,27038,45264,4792,6,62345,18040,41539,13652,40573,20447,5849,33002,32762,61114,14447,250,782,14660,5061,21848,428,11289,13871,8809,9424,2707,6891,8,8,8,8,8,8,8,8,8,8,8,8,8,8,8,8,8,8,8,8,8,,,,,,,,,,,,,,,,,,,,,,,,,,,,,,,,,,,,,,,,,,,,,,,,,,,,,,,100,1000,,,,,,,,,,,,,,,,,,,,,,,,8
,,num_water_inj_wells,Number of water injecting wells,7,,20,9,21,0,30,7,1,83,,36,4,,,,63,,,190,1000,,,,7,,,14,8,50,32,,9,,11,8,0,,12,,20,10,4,,182,0,,4500,,,,140,,23,11,11,853,0,0,0,0,0,0,0,,,3,110,110,110,110,173,193,1090,,2,715,57,0,,,,,,,,,,,,,,,,,,,,,,,,,,,,,,,,,,,,,,,,,,,,,,,,,,,,9,,,,20,,,2,,,,,,,,,,,,,11,5,,,0,,6,,,,,0,1402,,,137,110,107,15,8,,,,,,,,,,,,,,,,,,,,,,,,,,,,,,,,,,,,,,,,,,,,,,,,,,,,,,,,,,,,,,,,,,,,,,,,,,,,,,,,1,,,,,,,,,,,,,,,,,,,,,,,,5,5,5,5,5,5,5,5,5,5,5,5,5,5,5,5,5,5,5,5,5,,,,,,,,,,,,,,,,,,,,,,,,,,,,,,,,,,,,,,,,,,,,,,,,,,,,,,,,,,,,,,,,,,,,,,,,,,,,,,,,5
,in,well_diam,Production tubing diameter,2.78,,8,6,,5,,,,,,3.5,,,,,,,,,4.5,9.63,,,,,,,,3.5,6.25,,9.63,,4.5,,,,,,,,,,,5.5,,,4.5,,,4.5,,,4.5,4.5,,2.75,2.75,2.75,,,,,,,,,,,,4.5,4.5,,,7,,,5.5,,,4.2,,,,,,,,,,,,,,,,,,,,,,,,,,,,,,,,,,,,,,,,,,,,,,,,,9.63,,,,,7,6,4.5,,6,7,,,,,,,,6.25,,4.5,,,,,,,,9.63,7.69,,,,,,3.5,,,,5,,,,,,,,,,,,,,,,,,,,,,,,,,,,,,,,,,,,,,,,,,,,,,,,,,,,,,,,,,,,,,,,,,,,,,,,,,,,,,,,,,,,,,,,,,,,,,,,,,,,,,,,2.78,2.78,2.78,2.78,2.78,2.78,2.78,2.78,2.78,2.78,2.78,2.78,2.78,2.78,2.78,2.78,2.78,2.78,2.78,2.78,2.78,,,,,,,,,,,,,,,,,,,,,,,,,,,,,,,,,,,,,,,,,,,,,,,,,,,,,,,,,,,,,,,,,,,,,,,,,,,,,,,,2.78
,bbl/psi-d,prod_index,Productivity index,17,,90.9,,,50,,,,,,,,,127,,,,,4.8,,,20,,10000,,22.58,,6,90,,,150,,,,,,,,,,,,,,,,,,189,,,50,,,,,,,,,,,,,30,,,,,3,3,,,,,,10,,,,,,,,,,,,,,,,,,,,,,,,,,,,,,,,,,,,,,,,,,,,,,,,,,,,150,,,,,,,,,,,,,,,,,,,,,,,,,,,,,,,,,,,,,,,4,500,100,100,100,100,,,,,,,,,,,,,,,,,,,,,,,,,,,,,,,,,,,,,,,,,,,,,,,,,,,,,,,,,,,,,,,,,,,,,,,,,,,,,,,,,,,,,,,,,,,,,,,,,,,3,3,3,3,3,3,3,3,3,3,3,3,3,3,3,3,3,3,3,3,3,,,,,,,,,,,,,,,,,,,,,,,,,,,,,,,,,,,,,,,,,,,,,,,,,,,,,,,,,,,,,,,,,,,,,,,,,,,,,,1,100,3
,psi,res_press,Reservoir pressure,1556.6,5874,3655,,1300,4000,,2900,8000,2600,,1450,,,3213,6000,,,,2200,500,350,,4000,1100,,3965,3800,9000,1875,2000,,1470,3925,7000,,2400,,2610,,5150,,,,,2600,1375,,2500,2820,2618,2500,,1800,2900,2900,3200,2000,2000,2000,3300,3300,3300,3300,1375,,5800,,,,,1146,1300,,,15000,1557,,950,,820,7400,1750,,,,,,,,,,,,,,,,,,,,,,,,,,,,,,,,,,,,,,,,,,,,,,,,1470,4174.2,,5500,5365,8122,4722.42,1250.95,4951,4348,8662.1,4632.5,4530,8817,3468,4055.5,8700,7251.9,14000,5801.8,2700,2559.8,211.47,3132,4389.9,3003.5,5300,329,4550,5925.3,8500,3300,7800,2300,4713.7,362.59,,,,1900,60,200,600,1200,5000,,,,,,,,,,,,,,,,,,,,,,,,,,,,,,,,,,,,,,,,,,,,,,,,,,,,,,,,,,,,,,,,,,,,,,,,,,,8000,,,,,,,,,,,,,,,,,,,,,,,,1557,1557,1557,1557,1557,1557,1557,1557,1557,1557,1557,1557,1557,1557,1557,1557,1557,1557,1557,1557,1557,,,,,,,,,,,,,,,,,,,,,,,,,,,,,,,,,,,,,,,,,,,,,,,,,,,,,,,,,100,,,,,,,,,,,,,,,,,,,,,,,1556.6
,deg_F,res_temp,Reservoir temperature,200,,,,,,,,380.04,,,,,,,,,,,,,,,,,,,,,,,,,,,,,,,,,,,,,,,,,,,,,,,,,,,,,,,,,,,,,,,,,,,,,,,,,,,,,,,,,,,,,,,,,,,,,,,,,,,,,,,,,,,,,,,,,,,,,,,,,,,252.7,,302,239,405.12,276.69,241.22,213,260.31,200,272.76,126.84,306.21,180,201,230,185,164.91,323.94,297.66,182.04,117.7,167,262.14,201.57,220,84.4,,309.63,253.06,249.6,325,149,213.21,383,,,,156,,,,,,,,,,,,,,,,,,,,,,,,,,,,,,,,,,,,,,,,,,,,,,,,,,,,,,,,,,,,,,,,,,,,,,,,,,,,,,,,380.04,,,,,,,,,,,,,,,,,,,,,,,,150,150,150,150,150,150,150,150,150,150,150,150,150,150,150,150,150,150,150,150,150,,,,,,,,,,,,,,,,,,,,,,,,,,,,,,,,,,,,,,,,,,,,,,,,,,,,,,,,,,250,,,,,,,,,,,,,,,,,,,,,,150
,binary,offshore,Offshore?,0,,,1,,,,,1,,,,,,,,,,,,,,,,,,,,,,,,,,,,,,,,,,,,,,,,,,,,,,,,,,,,,,,,,,,,,,,,,,,,,,,,,,,,,,,,,,,,,,,,,,,,,,,,,,,,,,,,,,,,,,,,,,,,,,,,,,,0,1,0,1,0,0,0,1,0,1,0,0,0,0,0,0,0,1,0,,,,0,1,0,1,0,1,1,0,,,,0,0,,,,0,,,,,,,,,,,,,,,,,,,,,,,,,,,,,,,,,0,0,,,,,,,,,,,,,,,,,,,,,,,,,,,,,,,,,,,,,,,,,,,,,,1,,,,,,,,,,,,,,,,,,,,,,,,0,0,0,0,0,0,0,0,0,0,0,0,0,0,0,0,0,0,0,0,0,,,,,,,,,,,,,,,,,,,,,,,,,,,,,,,,,,,,,,,,,,,,,,,,,,,,,,,,,,,1,,,,,,,,,,,,,,,,,,,,,0
Fluid properties,deg_API,API_grav,API gravity,32.8,66.64,32,22.05,32,47.3,35,19,28.8,28.7,34.6,17.5,43.6,16.9,29,44,,,24.1,39.4,19,34,26,34,36,30,21.6,30.2,46.4,30.8,24.2,36.71,22,33,47,,35.3,35.8,35.3,33.7,38.4,,38.5,35,40,36.4,31.78,35,27,34,32,31.8,40,39,35,35,28.3,41.9,41.9,41.9,46.2,46.2,58,58,38.9,35.6,28.8,22.6,22.6,22.6,22.6,36.8,36.8,15,37.5,34.5,19.5,30,8.6,24,8.5,29.3,12.1,10.2,10.2,32.8,32.2,32,8,10.2,10.2,32.8,32.2,32,10.2,10.2,32.8,32.2,32,,,,,,,,,,,,,,,,,,,15,15,15,15,15,32,32,32,32,32,32,60,30,22,47.5,34,,46.65,,,,,,,,,,,,,45,,,48.28,,,,,66.64,,,,,28,47.32,,,,8,12.1,19,13,39,,,,,,,,,,,,,,,,,,,,,,,,,,,,,,,,,,,,,,,,,,,,,,,,,,,,,,,,,,,,,,,,,,,,,,,,,,,,,,,,28.8,,,,,,,,,,,,,,,,,,,,,,,,30,30,30,30,30,30,30,30,30,30,30,30,30,30,30,30,30,30,30,30,30,,,,,,,,,,,,,,,,,,,15,15,15,15,15,32,32,32,32,32,32,15,15,15,15,15,15,15,15,15,15,15,15,15,15,15,15,15,15,,,,,,,,,,,,,45,15,,,,,,,,,,,,,,,,,,,30
,mol%,gas_comp_N2,N2,2,,,,,,,,,,,1,,,,,,,,0.24,,,,,,,,,2,,,,,,,,,,,,0.3,,,,,,,,,,,,,,,,,3.67,3.67,3.67,0.3,0.3,0.3,0.3,,,,,,,,0.83,0.8,,,,,,0.1,,,,,,,,,,,,,,,,,,,,,,,,,,,,,,,,,,,,,,,,,,,,,,,,,,,,,0.11,,,,1.18,,14.08,3.3,,,,,0.83,1.29,4.5,4,3.49,,,,,14.62,0.55,,5.7,3.4,1.65,,,,0.3,0.1,0.3,,,,,,4.98,,,,,,,,,,,,,,,,,,,,,,,,,,,,,,,,,,,,,,,,,,,,,,,,,,,,,,,,,,,,,,,,,,,,,,,,,,,,,,,,,,,,,,,,,,,,,,,,,,,,,,,,2,2,2,2,2,2,2,2,2,2,2,2,2,2,2,2,2,2,2,2,2,,,,,,,,,,,,,,,,,,,,,,,,,,,,,,,,,,,,,,,,,,,,,,,,,,,,,,,,,,,,,,2,2,1,0,,,,,,,,,,,,,,,2
,mol%,gas_comp_CO2,CO2,6,,,,,,,,11,,,5.4,,,,,,,,2.13,,,,,,,,,4,,,,,,,,,,,,2.5,,,,,,,,,,,,,,,,,0.7,0.7,0.7,1.99,1.99,1.99,1.99,,,,,,,,1.44,2,,,,,,5.9,,,,,,,,,,,,,,,,,,,,,,,,,,,,,,,,,,,,,,,,,,,,,,,,,,,,,0.22,11.03,10,,8.8,,0.95,2.23,,,43.9,0.13,0.26,0.37,0.78,17.81,6.26,,,,,0.24,0.18,,0.2,2.2,0.34,0.1,13.58,,1.99,4.8,0.5,,,,,,1.42,,,,,,,,,,,,,,,,,,,,,,,,,,,,,,,,,,,,,,,,,,,,,,,,,,,,,,,,,,,,,,,,,,,,,,,,,,,,,,,,11,,,,,,,,,,,,,,,,,,,,,,,,6,6,6,6,6,6,6,6,6,6,6,6,6,6,6,6,6,6,6,6,6,,,,,,,,,,,,,,,,,,,,,,,,,,,,,,,,,,,,,,,,,,,,,,,,,,,,,,,,,,,,,,10,25,2,2,,,,,,,,,,,,,,,6
,mol%,gas_comp_C1,C1,84,,,,,,,,,,,75,,,,,,,,80.98,,,,,,,,,60,,,,,,,,,,,,78.7,,,,,,,,,,,,,,,,,49.24,49.24,49.24,66.62,66.62,66.62,66.62,,,,,,,,81.47,55,,,,,,91.9,,,,,,,,,,,,,,,,,,,,,,,,,,,,,,,,,,,,,,,,,,,,,,,,,,,,,92.51,70.87,,,76.23,,81.3,81.3,,,45.6,85,92.03,97.28,94,51.49,56.2,,,,,72.59,80.3,,81.05,80,98.01,89,,47.4,66.62,95,82.1,,,,,,51.22,,,,,,79.4,79.4,79.4,79.4,79.4,79.4,79.4,79.4,79.4,79.4,79.4,79.4,79.4,79.4,79.4,79.4,79.4,79.4,79.4,79.4,79.4,79.4,79.4,79.4,79.4,79.4,79.4,79.4,79.4,79.4,79.4,79.4,79.4,79.4,79.4,79.4,79.4,79.4,79.4,79.4,79.4,79.4,79.4,79.4,79.4,79.4,79.4,79.4,79.4,79.4,79.4,79.4,79.4,79.4,79.4,79.4,79.4,79.4,79.4,79.4,79.4,79.4,79.4,79.4,79.4,79.4,79.4,79.4,79.4,79.4,79.4,79.4,79.4,79.4,,,,,,,,,,,,,,,,,,,,,,,,,84,84,84,84,84,84,84,84,84,84,84,84,84,84,84,84,84,84,84,84,84,,,,,,,,,,,,,,,,,,,,,,,,,,,,,,,,,,,,,,,,,,,,,,,,,,,,,,,,,,,,,,70,55,60,47,,,,,,,,,,,,,,,84
,mol%,gas_comp_C2,C2,4,,,,,,,,,,,12.1,,,,,,,,7.83,,,,,,,,,10,,,,,,,,,,,,9.8,,,,,,,,,,,,,,,,,21.03,21.03,21.03,16.23,16.23,16.23,16.23,,,,,,,,8.99,15,,,,,,0.86,,,,,,,,,,,,,,,,,,,,,,,,,,,,,,,,,,,,,,,,,,,,,,,,,,,,,2.78,10.26,,0.01,0.08,,2.9,5.1,,,5.8,,2.94,0.08,,1.61,4.87,,,,,6.68,9.9,,7.15,5.1,0,,,6.5,16.23,0.1,14,,,,,,12.02,,,,,,,,,,,,,,,,,,,,,,,,,,,,,,,,,,,,,,,,,,,,,,,,,,,,,,,,,,,,,,,,,,,,,,,,,,,,,,,,,,,,,,,,,,,,,,,,,,,,,,,,4,4,4,4,4,4,4,4,4,4,4,4,4,4,4,4,4,4,4,4,4,,,,,,,,,,,,,,,,,,,,,,,,,,,,,,,,,,,,,,,,,,,,,,,,,,,,,,,,,,,,,,8,5,22,28,,,,,,,,,,,,,,,4
,mol%,gas_comp_C3,C3,2,,,,,,,,,,,2.9,,,,,,,,4.99,,,,,,,,,3,,,,,,,,,,,,4.3,,,,,,,,,,,,,,,,,15.09,15.09,15.09,8.52,8.52,8.52,8.52,,,,,,,,4.13,15,,,,,,0.39,,,,,,,,,,,,,,,,,,,,,,,,,,,,,,,,,,,,,,,,,,,,,,,,,,,,,1.66,3.38,,0.77,0.01,,0.4,1.9,,,2.9,,2.66,,,,2.24,,,,,3.08,6.4,,2.35,1.8,,,,6.6,8.52,0,3.5,,,,,,8.01,,,,,,,,,,,,,,,,,,,,,,,,,,,,,,,,,,,,,,,,,,,,,,,,,,,,,,,,,,,,,,,,,,,,,,,,,,,,,,,,,,,,,,,,,,,,,,,,,,,,,,,,2,2,2,2,2,2,2,2,2,2,2,2,2,2,2,2,2,2,2,2,2,,,,,,,,,,,,,,,,,,,,,,,,,,,,,,,,,,,,,,,,,,,,,,,,,,,,,,,,,,,,,,3,2,10,15,,,,,,,,,,,,,,,2
,mol%,gas_comp_C4,C4+,1,,,,,,,,,,,3.6,,,,,,,,3.83,,,,,,,,,6,,,,,,,,,,,,3.3,,,,,,,,,,,,,,,,,10.27,10.27,10.27,6.34,6.34,6.34,6.34,,,,,,,,3.13,12.2,,,,,,0.85,,,,,,,,,,,,,,,,,,,,,,,,,,,,,,,,,,,,,,,,,,,,,,,,,,,,,0.78,2.95,,3.29,,,0.1,0.4,,,1.1,,,0,,,1.17,,,,,0.93,1.7,,0.8,0.8,,,,3.9,6.34,,0,,,,,,3.82,,,,,,,,,,,,,,,,,,,,,,,,,,,,,,,,,,,,,,,,,,,,,,,,,,,,,,,,,,,,,,,,,,,,,,,,,,,,,,,,,,,,,,,,,,,,,,,,,,,,,,,,1,1,1,1,1,1,1,1,1,1,1,1,1,1,1,1,1,1,1,1,1,,,,,,,,,,,,,,,,,,,,,,,,,,,,,,,,,,,,,,,,,,,,,,,,,,,,,,,,,,,,,,2,1,5,8,,,,,,,,,,,,,,,1
,mol%,gas_comp_H2S,H2S,1,,,,,,,,,,,0,,,,,,,,0,,,,,,,,,15,,,,,,,,,,,,1,,,,,,,,,,,,,,,,,0.01,0.01,0.01,0,0,0,0,,,,,,,,0,0,,,,,,0,,,,,,,,,,,,,,,,,,,,,,,,,,,,,,,,,,,,,,,,,,,,,,,,,,,,,,0,23,0.06,14.72,,0,0.6,,,,0,0,0,0,24.14,3.64,,6,,,,,,0,,,,,,0,,0,,,,,,18.53,,,,,,,,,,,,,,,,,,,,,,,,,,,,,,,,,,,,,,,,,,,,,,,,,,,,,,,,,,,,,,,,,,,,,,,,,,,,,,,,,,,,,,,,,,,,,,,,,,,,,,,,1,1,1,1,1,1,1,1,1,1,1,1,1,1,1,1,1,1,1,1,1,,,,,,,,,,,,,,,,,,,,,,,,,,,,,,,,,,,,,,,,,,,,,,,,,,,,,,,,,,,,,,5,10,0,0,,,,,,,,,,,,,,,1
Production practices,scf/bbl oil,GOR,Gas-to-oil ratio (GOR),2429.3,30503,584.29,600,,2000,1299,370,1419,2000,333,7276,628.5,48.4,8,1700,1310.72,18574.91,,,25,,,562,,625,750,775,351,500,908,3752.78,250,,1733,900,20848.68,1311,19652.36,1241,1150,4609,5463,,2363.24,4000,29.65,481.78,225,570,,520,,28756.14,238,238,16576,1273,1273,1273,906,2496,8571,13385,325,,2000,168,168,168,168,186.74,5907,382,,885,292.43,500,111,526,110,10169,145,,,,,,,,,,,,,,,,,,,,,,,,,,,,,,,,,,,100,100,100,100,100,,,,,,,98995,2108,250,53395,34785,22000,3404.8,25900000,7.30E+07,8.65E+06,5.03E+04,75674,522159,43104,282000,649000,736000,5530000,2.10E+04,3605.4,536.84,420757,1277.9,29495,3840000,10791,31683,17125,56325,56300000,143000,130000,2386.41,4604.3,154017,4.36E+05,139216,132.23,168,186.94,10.52,12353,,,,,,3916900,2674037.5,31071563,46885800,32008575,371930625,81442400,55600100,646057500,166969400,113988725,1.33E+09,481260000,328552500,3.82E+09,503932000,344030500,4.00E+09,1.87E+09,1.28E+09,1.48E+10,1.21E+09,824292250,9.58E+09,3.93E+09,2.68E+09,3.12E+10,454714000,310429750,3.61E+09,63879.4,43609.98,203942.89,221131.77,221131.77,221131.77,264649.91,264649.91,264649.91,288186.18,288186.18,288186.18,291012.06,291012.06,291012.06,306885.26,306885.26,306885.26,285284.38,285284.38,285284.38,258519.15,258519.15,258519.15,325049.68,325049.68,325049.68,309714.99,309714.99,309714.99,119.86,545.26,1343.2,2169.46,2982.03,2722.25,3412.35,5246.48,14599.08,53542.61,476.2,484.18,495.13,522.98,1419,43357,10177,15054,162749,56691,24436,20567,2206,7144,6154,710577,31358,5871022,810,358352,1446,1784867,2082081,212463,0,650857,0,15622571,908,908,908,908,908,1500,5000,15000,50000,908,908,908,908,908,908,908,908,908,908,908,908,,,,,,,,,,,,,,,,,,,100,100,100,100,100,,,,,,,100,100,100,100,100,100,100,100,100,100,100,100,100,100,100,100,100,100,,,,,,,,,,,,,,,,,,,,,,,,,,,,,,,,,908
,bbl water/bbl oil,WOR,Water-to-oil ratio (WOR),6,,0.5,,4,0.18,,1.3,0.1,11.5,,1,3.63,7.77,1.52,,1.31,1.77,0.58,,3,,0.11,,1,1.5,0.05,1.5,0.06,0.3,3.2,,0.25,,0.3,0.21,0.7,1.08,3.9,,0.3,0.9,,,,0.57,3,9,0.43,0.43,,1,0.1,25.35,8.7,8.7,3.96,0.77,0.77,0.77,0.9,0.9,0.9,0.9,,,0.2,8,8,8,8,37.08,8,13.2,,0.36,37.11,1.28,0.1,,,0.06,,,,,,,,,,,,,,,,,,,,,,,,,,,,,,,,,,,,1,1,1,1,1,,,,,,,,,0.25,0.26,93.81,0.11,0.57,,,16.36,,,0.17,,,0.25,,,0.13,,,,0.14,2.61,,,0.45,,,,0.08,0.39,1.36,0.9,83.79,,,,8.01,9.58,11.07,4.47,,,,,,,,,,,,,,,,,,,,,,,,,,,,,,,,,,,,,,,,,,,,,,,,,,,,,,,,,,,,,,,,,,,,,,,,,,,,,,,,0.1,0.6,0.7,16,3.3,4.8,14,4.11,5.3,6.1,4.7,26,0.15,56,10,14,1.15,0.04,1.69,19.7,0,0,0,9.07,4.31,10,25,50,100,4.31,4.31,4.31,4.31,10,25,50,100,4.31,4.31,4.31,4.31,4.31,4.31,4.31,4.31,,,,,,,,,,,,,,,,,,,1,1,1,1,1,,,,,,,1,1,1,1,1,1,1,1,1,1,1,1,1,1,1,1,1,1,,,,,,,,,,,,,,,,,,,,,,,,,,,,,,,,,4.31
,bbl water/bbl oil,WIR,Water injection ratio,7,,1.5,2.72,4.67,0,,1.3,0.5,12.5,,1,1.67,,,,2.51,0,,,,,,,,,1,2.5,0,,4.2,,,,1.3,1.72,,,3.9,,1.3,0.9,,,,0,,,,1.4,,1,,26.35,6,6,5.9,0,0,0,0,0,0,0,,,1.5,2.4,2.4,2.4,2.4,13.7,6.15,10.89,,1.4,39.98,,,,,0.06,,,,,,,,,,,,,,,,,,,,,,,,,,,,,,,,,,,,,,,,,,,,,,,,,,,,,,,,,,,,,,,,,,,,,,,,,,,,,,,,0,,,,,2.37,,,14.6,,,,,,,,,,,,,,,,,,,,,,,,,,,,,,,,,,,,,,,,,,,,,,,,,,,,,,,,,,,,,,,,,,,,,,,,,,,,,,,,0.5,,,,,,,,,,,,,,,,,,,,,,,,5.31,11,26,51,101,5.31,5.31,5.31,5.31,11,26,51,101,5.31,5.31,5.31,5.31,5.31,5.31,5.31,5.31,,,,,,,,,,,,,,,,,,,,,,,,,,,,,,,,,,,,,,,,,,,,,,,,,,,,,,,,,,,,,,,,,,,,,,,,,,,,,,,,5.31
,scf/bbl liquid,GLIR,Gas lifting injection ratio,1500,,30.26,1800,,666,,580,0,,,,666.67,,,,,,,,,,,,,,,,,,,,,0,,28,,,256.4,,,,,,,,,,1000,,,,,104.3,8,0,1000,0,0,0,0,0,0,0,,,,0,0,0,0,0,0,,,,,,,,,,,,,,,,,,,,,,,,,,,,,,,,,,,,,,,,,,,,,,,,,,,,,,,,,,,,,,,,,,,,,,,,,,,,,,,,,,,,,,,,,0,,,,,0,,,0,,,,,,,,,,,,,,,,,,,,,,,,,,,,,,,,,,,,,,,,,,,,,,,,,,,,,,,,,,,,,,,,,,,,,,,,,,,,,,,,0,,,,,,,,,,,,,,,,,,,,,,,,1500,1500,1500,1500,1500,1500,1500,1500,1500,1500,1500,1500,1500,1500,2500,3500,5000,1500,1500,1500,1500,,,,,,,,,,,,,,,,,,,,,,,,,,,,,,,,,,,,,,,,,,,,,,,,,,,,,,,,,,,,,,,,,,,,,,,,,,,,,,,,1500
,scf/bbl oil,GFIR,Gas flooding injection ratio,1362,,,,,,,,175,,,,,,,,,,,,,,,3500,,,,,,,,,1000,0,,,,,,,,,,,,,,,0,,,,,43134.22,,,30972,0,0,0,0,0,0,0,,,,0,0,0,0,0,0,,,,,,,,,,,,,,,,,,,,,,,,,,,,,,,,,,,,,,,,,,,,,,,,,,,,,,,,,,1000,,,,,,,,,,,,,,,,,,,,,,,,,,,,,,,0,,,,,0,,,17445,,,,,,,,,,,,,,,,,,,,,,,,,,,,,,,,,,,,,,,,,,,,,,,,,,,,,,,,,,,,,,,,,,,,,,,,,,,,,,,,,,,,,,,,,,,,,,,,,,,,,,,,1362,1362,1362,1362,1362,1362,1362,1362,1362,1362,1362,1362,1362,1362,1362,1362,1362,1362,1362,1362,1362,,,,,,,,,,,,,,,,,,,,,,,,,,,,,,,,,,,,,,,,,,,,,,,,,,,,,,,,,,,,,,,,,,,,,,,,,,,,,,,,1362
,,flood_gas_type,Flood gas,1,,,,,,,,3,,,,,,,,,,,,,,,,,,,,,,,,2,,,,,,,,,,,,,,,,,,,,,,,,,,,,,,,,,,,,,,,,,,,,,,,,,,,,,,,,,,,,,,,,,,,3,3,3,3,3,3,3,3,3,3,3,3,3,3,3,3,3,3,,,,,,,,,,,,,,1,,,,,,,,,,,,,,,,,,,,,,,,,,,,,,,,,,,,,,,3,,,,,,,,,,,,,,,,,,,,,,,,,,,,,,,,,,,,,,,,,,,,,,,,,,,,,,,,,,,,,,,,,,,,,,,,,,,,,,,,3,,,,,,,,,,,,,,,,,,,,,,,,1,1,1,1,1,1,1,1,1,1,1,1,1,1,1,1,1,1,1,1,1,3,3,3,3,3,3,3,3,3,3,3,3,3,3,3,3,3,3,,,,,,,,,,,,,,,,,,,,,,,,,,,,,,,,,,3,3,3,,,,,,,,,,,,,,,,,,,,,,,,,,1
Carbon dioxide flooding and sequestration parameters,%,perc_CO2_breakthrough,Fraction of CO2 breaking through to producers,59,,,,,,,,0,,,,,,,,,,,,,,,,,,,,,,,,,,,,,,,,,,,,,,,,,,,,,,,,,,,,,,,,,,,,,,,,,,,,,,,,,,,,,,,,,,,,,,,,,,,,75,45,,,,,75,45,,,,,75,45,,,,,,,,,,,,,,,,,,,,,,,,,,,,,,,,,,,,,,,,,0,,,,0,0,,,,,,,,,,66,,,,,,,,,,,,,,,,,,,,,,,,,,,,,,,,,,,,,,,,,,,,,,,,,,,,,,,,,,,,,,,,,,,,,,,,,,,,,,,,,,,,,,,,,,,,,,,,,,,,,,,,41,41,41,41,41,41,41,41,41,41,41,41,41,41,41,41,41,41,41,41,41,,25,55,,,,,25,55,,,,,25,55,,,,,,,,,,,,,,,,,,,,,,,,,,,,,,,,,,,,,,,,,,,,,,,,,,,,,,,,,,,,,,,,,41
,,source_CO2,Source of makeup CO2,1,,,,,,,,,,,,,,,,,,,,,,,,,,,,,,,,,,,,,,,,,,,,,,,,,,,,,,,,,,,,,,,,,,,,,,,,,,,,,,,,,,,,,,,,,,,,,,,,,,,,,,2,2,2,,,,2,2,2,,,,2,2,2,,,,,,,,,,,,,,,,,,,,,,,,,,,,,,,,,,,,,,2,,,,2,2,,,,,,,,,,2,,,,,,,,,,,,,,,,,,,,,,,,,,,,,,,,,,,,,,,,,,,,,,,,,,,,,,,,,,,,,,,,,,,,,,,,,,,,,,,,,,,,,,,,,,,,,,,,,,,,,,,,1,1,1,1,1,1,1,1,1,1,1,1,1,1,1,1,1,1,1,1,1,,,,2,2,2,,,,2,2,2,,,,2,2,2,,,,,,,,,,,,,,,,,,,,,,,,,,,,,,,,,,,,,,,,,,,,,,,,,,,,,,,,,,,,,,1
,%,perc_sequestration_credit,Percentage of sequestration credit assigned to the oilfield,0,,,,,,,,,,,,,,,,,,,,,,,,,,,,,,,,,,,,,,,,,,,,,,,,,,,,,,,,,,,,,,,,,,,,,,,,,,,,,,,,,,,,,,,,,,,,,,,,,,,,,,,50,100,,,,,50,100,,,,,50,100,,,,,,,,,,,,,,,,,,,,,,,,,,,,,,,,,,,,,,0,,,,0,0,,,,,,,,,,0,,,,,,,,,,,,,,,,,,,,,,,,,,,,,,,,,,,,,,,,,,,,,,,,,,,,,,,,,,,,,,,,,,,,,,,,,,,,,,,,,,,,,,,,,,,,,,,,,,,,,,,,0,0,0,0,0,0,0,0,0,0,0,0,0,0,0,0,0,0,0,0,0,,,,,50,100,,,,,50,100,,,,,50,100,,,,,,,,,,,,,,,,,,,,,,,,,,,,,,,,,,,,,,,,,,,,,,,,,,,,,,,,,,,,,,0
,bbl steam/bbl oil,SOR,Steam-to-oil ratio (SOR),3,,,,,,,,,,,,,,,,,,,,4.21,,,,,,,,,,,,,0,,,,,,,,,,,,,,,0,,,,,,,,,0,0,0,0,0,0,0,,,,5.8,5.8,5.8,5.8,0,0,2.81,,,,,,,0.79,,0.19,3.42,2.37,,,2,,3.42,2.37,,,2,3.42,2.37,,,2,,,,,,,,,,,,,,,,,,,,,,,,,,,,,,,,,,,,,,,,,,,,,,,,,,,,,,,,,,,,,,,0,,,,2.55,5.79,6.57,3.57,0,,,,,,,,,,,,,,,,,,,,,,,,,,,,,,,,,,,,,,,,,,,,,,,,,,,,,,,,,,,,,,,,,,,,,,,,,,,,,,,,,,,,,,,,,,,,,,,,,,,,,,,,3,3,3,3,3,3,3,3,3,3,3,3,3,3,3,3,3,3,3,3,3,,,,,,,,,,,,,,,,,,,,,,,,,,,,,,2,4,6,2,4,6,2,4,6,2,4,6,2,4,6,2,4,6,,,,,,,,,,,,,,,,,,,,,,,,,,,,,,,,,3
,,fraction_elec_onsite,Fraction of required electricity generated onsite,0,,1,,,,,1,1,,,1,,,,,,,,,,,,,,,,,,,,,,0,1,,,,,,1,1,,,,1,,,0,,,,,,1,1,1,,,,,,,,,,1,,,,,0,0,,,1,,,,,,,,,,,,,,0.5,0.5,0.5,0.5,0.5,1,1,1,1,1,,,,,,,,,,,,,,,,,,,,,,,,,,,,,,,,,0,1,0,1,0,0,0,1,0,1,0,0,0,0,0,0,0,1,0,,,,0,1,0,1,0,1,1,0,,,,0,1,,,,0,,,,,,,,,,,,,,,,,,,,,,,,,,,,,,,,,,,,,,,,,,,,,,,,,,,,,,,,,,,,,,,,,,,,,,,,,,,,,,,,1,,,,,,,,,,,,,,,,,,,,,,,,0,0,0,0,0,0,0,0,0,0,0,0,0,0,0,0,0,0,0,0,0,,,,,,,,,,,,,,,,,,,,,,,,,,,,,,,,,,,,,,,,,,,,,,,,,,,,,,,,,,,,,,,,,,,,,,,,,,,,,,,,0
,,fraction_remaining_gas_inj,Fraction of remaining natural gas reinjected,0,,,-1,,,,,0,0.15,1,0.34,,,,,,,,,,,,1,,,,,0.33,,,,,0,0.9,,,,,,0.25,1,,,,0.3,,,0,,,,,,,,1,,,,0,0,0,0,,,,,,,,0.01,0,,,,,,,,,,,,,,,,,,,,,,,,,,,,,,,,,,,,,,,,,,,,,,,,,,,,,,,,,,,-1,,,,,,,-1,-1,,,-1,-1,-1,-1,-1,,,,-1,,,,,,,,,,,-1,,,,,,0.87,0.11,1,,,,,,,,,,,,,,,,,,,,,,,,,,,,,,,,,,,,,,,,,,,,,,,,,,,,,,,,,,,,,,,,,,,,,,,,,,,,,,,,0,,,,,,,,,,,,,,,,,,,,,,,,0,0,0,0,0,0,0,0,0,0,0,0,0,0,0,0,0,0.25,0.5,0.75,1,,,,,,,,,,,,,,,,,,,,,,,,,,,,,,,,,,,,,,,,,,,,,,,,,,,,,,,,,,,,,,,,,,,,,,,,,,,,,,,,1
,,fraction_water_reinjected,Fraction of produced water reinjected,1,,1,,,,,1,1,1,1,1,,,,,,,,,,,,,,,,1,,1,1,,1,1,1,,,,1,,1,1,,,,,,,0,,1,1,,1,0.69,0.69,,,,,0,0,0,0,,,1,0.3,0.3,0.2,0,0.37,0.76,0.83,,1,1,,,,,,,,,,,,,,,,,,,,,,,,,,,,,,,,,,,,,,,,,,,,,,,,,,,,,,1,,,,,,,,,,,,,,,,,,,,1,,,,,,,,,,,,,,,,0.3,0.19,0.04,1,,,,,,,,,,,,,,,,,,,,,,,,,,,,,,,,,,,,,,,,,,,,,,,,,,,,,,,,,,,,,,,,,,,,,,,,,,,,,,,,1,,,,,,,,,,,,,,,,,,,,,,,,1,1,1,1,1,1,1,1,1,1,1,1,1,1,1,1,1,1,1,1,1,,,,,,,,,,,,,,,,,,,,,,,,,,,,,,,,,,,,,,,,,,,,,,,,,,,,,,,,,,,,,,,,,,,,,,,,,,,,,,,,1
,,fraction_steam_cogen,Fraction of steam generation via cogeneration,0,,,,,,,,,,,,,,,,,,,,1,,,,,,,,,,,,,0,,,,,,,,,,,,,,,0,,,,,,,,,0,0,0,0,0,0,0,,,,0.26,0.26,0.26,0.25,0,0,0.14,,,,,,,,,,,,,,,,0.5,0.5,0.5,0.5,0.5,1,1,1,1,1,,,,,,,,,,,,,,,,,,,,,,,,,,,,,,,,,,,,,,,,,,,,,,,,,,,,,,,,,,,,,,,0,,,,0.5,0.26,0.23,0.64,0,,,,,,,,,,,,,,,,,,,,,,,,,,,,,,,,,,,,,,,,,,,,,,,,,,,,,,,,,,,,,,,,,,,,,,,,,,,,,,,,,,,,,,,,,,,,,,,,,,,,,,,,0,0,0,0,0,0,0,0,0,0,0,0,0,0,0,0,0,0,0,0,0,,,,,,,,,,,,,,,,,,,,,,,,,,,,,,0,0,0,0.5,0.5,0.5,0.75,0.75,0.75,1,1,1,,,,,,,,,,,,,,,,,,,,,,,,,,,,,,,,,,,,,,,0
,,fraction_steam_solar,Fraction of steam generation via solar thermal,0,,,,,,,,,,,,,,,,,,,,,,,,,,,,,,,,,,,,,,,,,,,,,,,,,,,,,,,,,,,,,,,,,,,,0.25,0.5,0.75,,,,,,,,,,,,,,,,,,,,,,,,,,,,,,,,,,,,,,,,,,,,,,,,,,,,,,,,,,,,,,,,,,,,,,,,,,,,,,,,,,,,,,,,,,,,,,,0,,,,0,,,,,,,,,,,,,,,,,,,,,,,,,,,,,,,,,,,,,,,,,,,,,,,,,,,,,,,,,,,,,,,,,,,,,,,,,,,,,,,,,,,,,,,,,,,,,,,,,,,,,,,,0,0,0,0,0,0,0,0,0,0,0,0,0,0,0,0,0,0,0,0,0,,,,,,,,,,,,,,,,,,,,,,,,,,,,,,,,,,,,,,,,,,0.25,0.25,0.25,0.5,0.5,0.5,,,,,,,,,,,,,,,,,,,,,,,,,,,,,,,,,0
Processing practices,,heater_treater,Heater/treater,0,,,,,,,,,,,,,,,,,,,,,,,,,,,,,,,,,,,,,,,,,,,,,,,,,,,,,,,,1,1,1,1,1,1,1,1,,,,,,,,0,0,,,,,,,,,,,0,0,0,0,0,0,0,0,0,0,0,0,0,0,0,0,,,,,,,,,,,,,,,,,,,,,,,,,,,,,,,,,,,,,,,,,,,,,,,,,,,,,,,,,,,,,,,1,,,,,,,,1,,,,,,,,,,,,,,,,,,,,,,,,,,,,,,,,,,,,,,,,,,,,,,,,,,,,,,,,,,,,,,,,,,,,,,,,,,,,,,,,,,,,,,,,,,,,,,,,,,,,,,,,0,0,0,0,0,0,0,0,0,0,0,0,0,0,0,0,0,0,0,0,0,,,,,,,,,,,,,,,,,,,,,,,,,,,,,,,,,,,,,,,,,,,,,,,,,,,,,,,,,,,,,,,,,,1,0,,,,,,,,,,,,,0
,,stabilizer_column,Stabilizer column,1,,,,,,,,,,,,,,,,,,,,,,,,,,,,,,,,,,,,,,,,,,,,,,,,,,,,,,,,0,0,0,0,1,1,1,1,,,,,,,,0,1,,,,,,,,,,,0,0,0,0,0,0,0,0,0,0,0,0,0,0,0,0,,,,,,,,,,,,,,,,,,,,,,,,,,,,,,,,,,,,,,,,,,,,,,,,,,,,,,,,,,,,,,,1,,,,,,,,0,,,,,,,,,,,,,,,,,,,,,,,,,,,,,,,,,,,,,,,,,,,,,,,,,,,,,,,,,,,,,,,,,,,,,,,,,,,,,,,,,,,,,,,,,,,,,,,,,,,,,,,,1,1,1,1,1,1,1,1,1,1,1,1,1,1,1,1,1,1,1,1,1,,,,,,,,,,,,,,,,,,,,,,,,,,,,,,,,,,,,,,,,,,,,,,,,,,,,,,,,,,,,,,,,,,1,0,,,,,,,,,,,,,1
,,upgrader_type,Upgrader type,0,,,,,,,,,,,,,,,,,,,,,,,,,,,,,,,,,,,,,,,,,,,,,,,,,,,,,,,,,,,,,,,,,,,,,,,,,,,,,,1,,1,,,0,0,1,3,2,0,0,0,1,3,2,0,0,1,3,2,,,,,,,,,,,,,,,,,,,,,,,,1,1,2,2,3,3,,,,,,,,,,,,,,,,,,,,,,,,,,,,,,,,,,,,,,,,,,0,,,,,,,,,,,,,,,,,,,,,,,,,,,,,,,,,,,,,,,,,,,,,,,,,,,,,,,,,,,,,,,,,,,,,,,,,,,,,,,,,,,,,,,,,,,,,,,,,,,,,,,,0,0,0,0,0,0,0,0,0,0,0,0,0,0,0,0,0,0,0,0,0,,,,,,,,,,,,,,,,,,,,,,,,1,1,2,2,3,3,,,,,,,,,,,,,,,,,,,,,,,,,,,,,,,,,,,,,,,,,,,,,,,,,,,0
,,gas_processing_path,Associated Gas Processing Path,5,,,,,,,,7,,,,,,,,,,,,,,,,,,,,,,,,,,,,,,,,,,,,,,,,,,,,,,,,4,5,5,5,5,5,5,5,,,,,,,,5,5,,,,,,,,,,,,,1,1,1,1,,,1,1,1,,,1,1,1,6,6,6,6,6,6,7,7,7,7,7,7,8,8,8,8,8,8,1,1,1,1,1,1,1,1,1,1,1,,,,,,,,,,,,,,,,,,,,,,,,,,,7,,,,7,7,,,,,,,,,6,6,,,,,,,,,,,,,,,,,,,,,,,,,,,,,,,,,,,,,,,,,,,,,,,,,,,,,,,,,,,,,,,,,,,,,,,,,,,,,,,,7,,,,,,,,,,,,,,,,,,,,,,,,5,5,5,5,5,5,5,5,5,5,5,5,5,5,5,5,5,5,5,5,5,6,6,6,6,6,6,7,7,7,7,7,7,8,8,8,8,8,8,,,,,,1,1,1,1,1,1,,,,,,,,,,,,,,,,,,,1,2,3,4,6,7,8,,,,,,,,,,,,,,,,,,,,,,,,,,5
,scf/bbl oil,FOR,Flaring-to-oil ratio,143,,,176.1,,,,,38.92,,,2694,,,,,,,,,5,,,,,,,543,18,,52.94,,,,90,129,1652,1273,2428.4,1081,18.03,,,,,,,,,,,,,728,34,34,,514,10,363,140.1,140.1,140.1,140.1,,,,,,,,16.25,300,,,,,,,,,,,2,2,2,2,2,,2,2,2,2,2,2,2,2,2,2,,,,,,,,,,,,,,,,,,,0,0,0,0,0,0,0,0,0,0,0,,,,422.07,9343.3,0,55.41,,69991.9,,79.46,0,,0,10.53,3382.9,583.3,,209.59,6.26,,102.87,69.39,7.32,765.9,8.88,51.07,212.19,94.5,308711,,,6.3,140,12.82,177.08,1310.8,0,1.62,13,13,0,,,,,,,,,,,,,,,,,,,,,,,,,,,,,,,,,,,,,,,,,,,,,,,,,,,,,,,,,,,,,,,,,,,,,,,,,,,,,,,,38.92,,,,,,,,,,,,,,,,,,,,,,,,182,182,182,182,182,182,182,182,182,182,182,182,182,182,182,182,182,182,182,182,182,,,,,,,,,,,,,,,,,,,0,0,0,0,0,0,0,0,0,0,0,0,0,0,0,0,0,0,0,0,,,,,,,,,,,,,,,,,,,,,,,,,,,,,,500,1000,1500,,,,,,,,,,182
,scf/bbl oil,VOR,Venting-to-oil ratio (purposeful),5,,,,,,,,,,,,,,,,,,,,,,,,,,,,,,,,,,,,,,,,,,,,,,,,,,,,,,,,,,,,1,1,1,1,,,,,,,,0,0,,,,,,,,,,,0,0,0,0,,,0,0,0,0,0,0,0,0,0,,,,,,,,,,,,,,,,,,,,,,,,,0,0,0,0,0,0,,,,,,,,,,,,,,,,,,,,,,,,,,,,,,,,,,1,,0.3,,0,,,,0,,,,,,,,,,,,,,,,,,,,,,,,,,,,,,,,,,,,,,,,,,,,,,,,,,,,,,,,,,,,,,,,,,,,,,,,,,,,,,,,,,,,,,,,,,,,,,,,,,,,,,,,0,0,0,0,0,0,0,0,0,0,0,0,0,0,0,0,0,0,0,0,0,,,,,,,,,,,,,,,,,,,,,,,,0,0,0,0,0,0,,,,,,,,,,,,,,,,,,,,,,,,,,,,,,,,,,,,,,,,,,25,100,200,,,,,,,0
,,fraction_diluent,Volume fraction of diluent,0,,,,,,,,,,,,,,,,,,,,,,,,,,,,,,,,,,,,,,,,,,,,,,,,,,,,,,,,,0,,,,,,,,,,,,,,,,,,,,,,,,,,0.3,0.3,,,0,0.3,0.3,0.3,,,0,0.3,0.3,,,0,,,,,,,,,,,,,,,,,,,0.01,0.25,0.5,0.75,1,,,,,,,,,,,,,,,,,,,,,,,,,,,,,,,,,,,,,,,,,,,,0.398,,,,0,,,,,,,,,,,,,,,,,,,,,,,,,,,,,,,,,,,,,,,,,,,,,,,,,,,,,,,,,,,,,,,,,,,,,,,,,,,,,,,,,,,,,,,,,,,,,,,,,,,,,,,,0,0,0,0,0,0,0,0,0,0,0,0,0,0,0,0,0,0,0,0,0,,,,,,,,,,,,,,,,,,,0,0.25,0.5,0.75,1,,,,,,,0,0.25,0.5,0.75,0.99,0.99,0.75,0.99,0.99,,,,,,,,,,,,,,,,,,,,,,,,,,,,,,,,,,,,,,,,,,0
Land use impacts,,low_carbon_richness,Low ecosystem carbon richness,0,1,1,,1,1,1,1,,0,1,1,1,1,0,0,1,1,0,,0,1,1,0,0,0,0,1,1,1,1,0,1,1,1,1,0,1,0,1,1,,1,1,0,1,0,0,1,1,1,1,1,1,1,1,1,0,0,0,0,0,0,0,0,1,1,1,1,1,1,0,0,1,0,1,1,0,0,0,0,0,0,0,0,0,0,0,0,0,0,0,0,0,0,0,0,0,0,,,,,,,,,,,,,,,,,,,,,,,,,,,,,,,,1,,,,,,,,,,,,,,,,,,,,,,,,,,,,,,,,,,,0,1,1,1,0,,,,,,,,,,,,,,,,,,,,,,,,,,,,,,,,,,,,,,,,,,,,,,,,,,,,,,,,,,,,,,,,,,,,,,,,,,,,,,,,,,,,,,,,,,,,,,,,,,,,,,,,0,0,0,0,0,0,0,0,0,0,0,0,0,0,0,0,0,0,0,0,0,,,,,,,,,,,,,,,,,,,,,,,,,,,,,,,,,,,,,,,,,,,,,,,,,,,,,,,,,,,,,,,,,,,,,,,,,,1,0,,,,,0
ecosystem_richness,,med_carbon_richness,Moderate ecosystem carbon richness,1,0,0,,0,0,0,0,,1,0,0,0,0,1,1,0,0,0,,0,0,0,1,1,1,1,0,0,0,0,1,0,0,0,0,0,0,0,0,0,,0,0,1,0,1,1,0,0,0,0,0,0,0,0,0,1,1,1,1,1,1,1,1,0,0,0,0,0,0,1,1,0,1,0,0,1,0,1,0,0,1,1,1,1,1,1,1,1,1,1,1,1,1,1,1,1,1,,,,,,,,,,,,,,,,,,,,,,,,,,,,,,,,0,,,,,,,,,,,,,,,,,,,,,,,,,,,,,,,,,,,1,0,0,0,1,,,,,,,,,,,,,,,,,,,,,,,,,,,,,,,,,,,,,,,,,,,,,,,,,,,,,,,,,,,,,,,,,,,,,,,,,,,,,,,,,,,,,,,,,,,,,,,,,,,,,,,,1,1,1,1,1,1,1,1,1,1,1,1,1,1,1,1,1,1,1,1,1,,,,,,,,,,,,,,,,,,,,,,,,,,,,,,,,,,,,,,,,,,,,,,,,,,,,,,,,,,,,,,,,,,,,,,,,,,0,0,,,,,1
,,high_carbon_richness,High ecosystem carbon richness,0,0,0,,0,0,0,0,,0,0,0,0,0,0,0,0,0,1,,1,0,0,0,0,0,0,0,0,0,0,0,0,0,0,0,1,0,1,0,0,,0,0,0,0,0,0,0,0,0,0,0,0,0,0,0,0,0,0,0,0,0,0,0,0,0,0,0,0,0,0,0,0,0,0,0,0,1,0,1,1,0,0,0,0,0,0,0,0,0,0,0,0,0,0,0,0,0,,,,,,,,,,,,,,,,,,,,,,,,,,,,,,,,0,,,,,,,,,,,,,,,,,,,,,,,,,,,,,,,,,,,0,0,0,0,0,,,,,,,,,,,,,,,,,,,,,,,,,,,,,,,,,,,,,,,,,,,,,,,,,,,,,,,,,,,,,,,,,,,,,,,,,,,,,,,,,,,,,,,,,,,,,,,,,,,,,,,,0,0,0,0,0,0,0,0,0,0,0,0,0,0,0,0,0,0,0,0,0,,,,,,,,,,,,,,,,,,,,,,,,,,,,,,,,,,,,,,,,,,,,,,,,,,,,,,,,,,,,,,,,,,,,,,,,,,0,1,,,,,0
,,low_development _intensity,Low development intensity,0,0,1,,0,1,1,1,,0,1,1,0,0,0,0,1,1,0,,0,1,0,0,0,0,0,0,1,0,0,0,1,0,1,1,0,0,0,0,1,,1,0,0,1,0,0,0,0,0,0,0,1,1,1,0,1,1,1,0,0,0,0,0,0,1,0,0,0,0,0,0,0,0,1,0,0,0,0,0,0,0,0,0,0,0,0,0,0,0,0,0,0,0,0,0,0,0,,,,,,,,,,,,,,,,,,,,,,,,,,,,,,,,,,,,,,,,,,,,,,,,,,,,,,,,,,,,,,,,,,,0,0,0,0,0,,,,,,,,,,,,,,,,,,,,,,,,,,,,,,,,,,,,,,,,,,,,,,,,,,,,,,,,,,,,,,,,,,,,,,,,,,,,,,,,,,,,,,,,,,,,,,,,,,,,,,,,0,0,0,0,0,0,0,0,0,0,0,0,0,0,0,0,0,0,0,0,0,,,,,,,,,,,,,,,,,,,,,,,,,,,,,,,,,,,,,,,,,,,,,,,,,,,,,,,,,,,,,,,,,,,,,,,,,,1,0,,,,,0
,,med_development _intensity,Moderate development intensity,1,0,0,,1,0,0,0,,0,0,0,1,1,1,1,0,0,1,,0,0,1,0,1,1,0,1,0,1,1,1,0,1,0,0,1,1,1,1,0,,0,1,1,0,1,1,0,1,1,1,1,0,0,0,1,0,0,0,1,1,1,1,1,1,0,0,0,0,0,0,0,0,1,0,1,1,0,1,1,1,0,0,0,0,0,0,0,0,0,0,0,0,0,0,0,0,0,,,,,,,,,,,,,,,,,,,,,,,,0,0,0,0,0,0,,,,,,,,,,,,,,,,,,,,,,,,,,,,,,,,,,,,,,0,0,1,1,1,,,,,,,,,,,,,,,,,,,,,,,,,,,,,,,,,,,,,,,,,,,,,,,,,,,,,,,,,,,,,,,,,,,,,,,,,,,,,,,,,,,,,,,,,,,,,,,,,,,,,,,,1,1,1,1,1,1,1,1,1,1,1,1,1,1,1,1,1,1,1,1,1,,,,,,,,,,,,,,,,,,,,,,,,0,0,0,0,0,0,,,,,,,,,,,,,,,,,,,,,,,,,,,,,,,,,,,,,,,,,,,,,0,0,,,,,1
,,high_development _intensity,High development intensity,0,1,0,,0,0,0,0,,1,0,0,0,0,0,0,0,0,0,,1,0,0,1,0,0,1,0,0,0,0,0,0,0,0,0,0,0,0,0,0,,0,0,0,0,0,0,1,0,0,0,0,0,0,0,0,0,0,0,0,0,0,0,0,0,0,1,1,1,1,1,1,1,0,0,0,0,1,0,0,0,1,1,1,1,1,1,1,1,1,1,1,1,1,1,1,1,1,,,,,,,,,,,,,,,,,,,,,,,,1,1,1,1,1,1,,,,,,,,,,,,,,,,,,,,,,,,,,,,,,,,,,,,,,1,1,0,0,0,,,,,,,,,,,,,,,,,,,,,,,,,,,,,,,,,,,,,,,,,,,,,,,,,,,,,,,,,,,,,,,,,,,,,,,,,,,,,,,,,,,,,,,,,,,,,,,,,,,,,,,,0,0,0,0,0,0,0,0,0,0,0,0,0,0,0,0,0,0,0,0,0,,,,,,,,,,,,,,,,,,,,,,,,1,1,1,1,1,1,,,,,,,,,,,,,,,,,,,,,,,,,,,,,,,,,,,,,,,,,,,,,0,1,,,,,0
Crude oil transport,,fraction_oil_transport_ocean,Oil transport Ocean tanker fraction,1,1,1,1,1,1,1,1,,0,0,1,1,1,1,1,1,1,1,,1,1,1,1,1,1,1,1,1,1,1,1,1,1,1,1,1,1,1,1,1,,1,1,1,1,1,1,1,1,1,1,1,1,1,1,1,0,0,0,0,0,0,0,0,0,0,0,0,0,0,0,0,0,0,0,0,0,1,1,1,1,1,0,0,0,0,0,0,0,0,0,0,0,0,0,0,0,0,,,,,,,,,,,,,,,,,,,,,,,,,,,,,,,,1,,,,,,,,,,,,,,,,,,,,,,,,,,,,,,,0,,,,0,1,0,0,0,,,,,,,,,,,,,,,,,,,,,,,,,,,,,,,,,,,,,,,,,,,,,,,,,,,,,,,,,,,,,,,,,,,,,,,,,,,,,,,,,,,,,,,,,,,,,,,,,,,,,,,,1,1,1,1,1,1,1,1,1,1,1,1,1,1,1,1,1,1,1,1,1,,,,,,,,,,,,,,,,,,,,,,,,,,,,,,,,,,,,,,,,,,,,,,,,,,,,,,,,,,,,,,,,,,,,,,,,,,,,,,,,1
,,fraction_oil_transport_barge,Oil transport Barge fraction,0,0,0,0,0,0,0,0,,0,0,0,0,0,0,0,,,0,,0,0,0,0,0,0,0,0,0,0,0,0,0,0,0,0,0,0,0,0,0,,0,0,0,0,0,0,0,0,0,0,0,0,0,0,0,0,0,0,0.2,0.2,0.2,0.2,0,0,0,0,0,0,0,0,0,0,0,0,0,0,0,0,0,0,0,0,0,0,0,0,0,0,0,0,0,0,0,0,0,0,0,,,,,,,,,,,,,,,,,,,,,,,,,,,,,,,,0,,,,,,,,,,,,,,,,,,,,,,,,,,,,,,,0.2,,,,0,0,0,0,0,,,,,,,,,,,,,,,,,,,,,,,,,,,,,,,,,,,,,,,,,,,,,,,,,,,,,,,,,,,,,,,,,,,,,,,,,,,,,,,,,,,,,,,,,,,,,,,,,,,,,,,,0,0,0,0,0,0,0,0,0,0,0,0,0,0,0,0,0,0,0,0,0,,,,,,,,,,,,,,,,,,,,,,,,,,,,,,,,,,,,,,,,,,,,,,,,,,,,,,,,,,,,,,,,,,,,,,,,,,,,,,,,0
,,fraction_oil_transport_pipeline,Oil transport Pipeline fraction,1,1,0,0,1,1,1,0,,1,1,0,0,0,1,1,,,1,,1,1,1,1,1,1,1,0,1,0,0,1,0,1,0,0,0,0,0,0,1,,0,1,1,1,1,1,1,1,0,1,1,0,0,0,1,0.33,0.33,0.33,0.65,0.65,0.65,0.65,1,1,1,1,1,1,1,1,1,1,1,1,1,1,1,0,1,1,0,1,1,1,1,1,1,1,1,1,1,1,1,1,1,1,1,,,,,,,,,,,,,,,,,,,,,,,,,,,,,,,,0,,,,,,,,,,,,,,,,,,,,,,,,,,,,,,,0.65,,,,1,1,1,1,1,,,,,,,,,,,,,,,,,,,,,,,,,,,,,,,,,,,,,,,,,,,,,,,,,,,,,,,,,,,,,,,,,,,,,,,,,,,,,,,,,,,,,,,,,,,,,,,,,,,,,,,,1,1,1,1,1,1,1,1,1,1,1,1,1,1,1,1,1,1,1,1,1,,,,,,,,,,,,,,,,,,,,,,,,,,,,,,,,,,,,,,,,,,,,,,,,,,,,,,,,,,,,,,,,,,,,,,,,,,,,,,,,1
,,fraction_oil_transport_rail,Oil transport Rail fraction,0,0,0,0,0,0,0,0,,0,0,0,0,0,0,0,,,0,,0,0,0,0,0,0,0,0,0,0,0,0,0,0,0,0,0,0,0,0,0,,0,0,0,0,0,0,0,0,0,0,0,0,0,0,0,0.67,0.67,0.67,0.35,0.35,0.35,0.35,0,0,0,0,0,0,0,0,0,0,0,0,0,0,0,0,0,0,0,0,0,0,0,0,0,0,0,0,0,0,0,0,0,0,0,,,,,,,,,,,,,,,,,,,,,,,,,,,,,,,,0,,,,,,,,,,,,,,,,,,,,,,,,,,,,,,,0.35,,,,0,0,0,0,0,,,,,,,,,,,,,,,,,,,,,,,,,,,,,,,,,,,,,,,,,,,,,,,,,,,,,,,,,,,,,,,,,,,,,,,,,,,,,,,,,,,,,,,,,,,,,,,,,,,,,,,,0,0,0,0,0,0,0,0,0,0,0,0,0,0,0,0,0,0,0,0,0,,,,,,,,,,,,,,,,,,,,,,,,,,,,,,,,,,,,,,,,,,,,,,,,,,,,,,,,,,,,,,,,,,,,,,,,,,,,,,,,0
,,fraction_oil_transport_truck,Oil transport Truck fraction,0,,,0,,,,,,,,,,,,,,,,,,,,,,,,,,,,,,,,,,,,,,,,,,,,,,,,,,,,,,,,,,,,,,,,,,,,,,,,,,,,,,,0,0,0,0,0,0,0,0,0,0,0,0,0,0,0,0,0,,,,,,,,,,,,,,,,,,,,,,,,,,,,,,,,,,,,,,,,,,,,,,,,,,,,,,,,,,,,,,,,,,,0,0,0,0,0,,,,,,,,,,,,,,,,,,,,,,,,,,,,,,,,,,,,,,,,,,,,,,,,,,,,,,,,,,,,,,,,,,,,,,,,,,,,,,,,,,,,,,,,,,,,,,,,,,,,,,,,0,0,0,0,0,0,0,0,0,0,0,0,0,0,0,0,0,0,0,0,0,,,,,,,,,,,,,,,,,,,,,,,,,,,,,,,,,,,,,,,,,,,,,,,,,,,,,,,,,,,,,,,,,,,,,,,,,,,,,,,,0
Transport distance (one way),mi,oil_transport_distance_tanker,Oil transport Ocean tanker distance,5082,5762.42,7984,7984,7696.26,13605.06,8252,6200,,0,3189,11801,12285.05,11734.5,1978.99,1978.99,6135,6135,2833.59,,13500,13500,11497.73,11631.41,7860.06,11596.72,11596.72,11550,13025,11526.26,11500,7785.37,765,1126.58,6940,6940,6926,6940,7127,6940,4942,,4942,11285.92,11387.31,10417,6935.6,10534.99,11370.88,11327,11619.81,11059.88,11327,5517,4942,4942,7491,0,0,0,0,0,0,0,0,0,0,5154,5154,5154,5154,0,0,5154,0,0,5154,0,2443,2451.16,2239.1,2239.1,2146.96,0,0,0,0,0,0,0,0,0,0,0,0,0,0,0,0,,,,,,,,,,,,,,,,,,,,,,,,,,,,,,,,765,,,,,,,,,,,,,,,,,,,,,,,,,6362.8,6362.8,6362.84,6362.8,6362.8,,,,,,0,5154,0,0,0,,,,,,,,,,,,,,,,,,,,,,,,,,,,,,,,,,,,,,,,,,,,,,,,,,,,,,,,,,,,,,,,,,,,,,,,,,,,,,,,,,,,,,,,,,,,,,,,,,,,,,,,5082,5082,5082,5082,5082,5082,5082,5082,5082,5082,5082,5082,5082,5082,5082,5082,5082,5082,5082,5082,5082,,,,,,,,,,,,,,,,,,,,,,,,,,,,,,,,,,,,,,,,,,,,,,,,,,,,,,,,,,,,,,,,,,,,,,,,,,,,10000,,,,5082
,mi,oil_transport_distance_barge,Oil transport Barge distance,500,0,0,0,0,0,0,0,,0,,0,0,0,0,0,,,0,,0,0,0,0,0,0,0,0,0,0,0,0,,0,0,,0,,0,,0,,,0,0,0,0,0,0,,0,0,,0,0,0,0,0,0,0,668,668,668,668,0,0,0,0,0,0,0,0,0,0,0,0,0,0,,0,0,0,0,0,0,0,0,0,0,0,0,0,0,0,0,0,0,0,0,,,,,,,,,,,,,,,,,,,,,,,,,,,,,,,,,,,,,,,,,,,,,,,,,,,,,,,,,,,,,,,,,,,0,0,0,0,0,,,,,,,,,,,,,,,,,,,,,,,,,,,,,,,,,,,,,,,,,,,,,,,,,,,,,,,,,,,,,,,,,,,,,,,,,,,,,,,,,,,,,,,,,,,,,,,,,,,,,,,,500,500,500,500,500,500,500,500,500,500,500,500,500,500,500,500,500,500,500,500,500,,,,,,,,,,,,,,,,,,,,,,,,,,,,,,,,,,,,,,,,,,,,,,,,,,,,,,,,,,,,,,,,,,,,,,,,,,,,,,,,500
,mi,oil_transport_distance_pipeline,Oil transport Pipeline distance,750,315,0,0,24,80,518,0,,2000,,0,0,0,480,515,,,300,,340,340,45,99,600,361,40,0,900,0,0,267,,82,0,,0,,50,,220,,220,93,67,140,1032,3288,165,250,0,60,150,227,220,220,800,1500,1500,1500,462,462,462,462,213.6,335,495,120,120,120,120,1400,1350,150,477,495,25,454,140,0,124,124,0,2500,2500,2500,2500,2500,2500,2500,2500,2500,2500,2500,2500,2500,2500,2500,2500,,,,,,,,,,,,,,,,,,,,,,,,,,,,,,,,,416.32,490.88,683.51,416.32,1342.16,1342.16,490.88,683.51,683.51,,226.8,1795.8,1795.8,1795.8,,1795.8,4032.7,1056.3,4032.7,416.32,490.88,1261.38,2417.1,490.88,167.77,167.77,167.77,167.77,167.77,,1261.4,1261.4,1261.4,1261.4,2500,120,100,100,1800,,,,,,,,,,,,,,,,,,,,,,,,,,,,,,,,,,,,,,,,,,,,,,,,,,,,,,,,,,,,,,,,,,,,,,,,,,,,,,,,,,,,,,,,,,,,,,,,,,,,,,,,750,750,750,750,750,750,750,750,750,750,750,750,750,750,750,750,750,750,750,750,750,,,,,,,,,,,,,,,,,,,,,,,,,,,,,,,,,,,,,,,,,,,,,,,,,,,,,,,,,,,,,,,,,,,,,,,,,,,,,10000,,,750
,mi,oil_transport_distance_rail,Oil transport Rail distance,800,0,0,0,0,0,0,0,,0,,0,0,0,0,0,,,0,,0,0,0,0,0,0,0,0,0,0,0,0,,0,0,,0,,0,,0,,,0,0,0,0,0,0,,0,0,,0,0,0,0,1500,1500,1500,200,200,200,200,0,0,0,0,0,0,0,0,0,0,0,0,0,0,,0,0,0,0,0,0,0,0,0,0,0,0,0,0,0,0,0,0,0,0,,,,,,,,,,,,,,,,,,,,,,,,,,,,,,,,,,,,,,,,,,,,,,,,,,,,,,,,,,,,,,,,,,,0,0,0,0,0,,,,,,,,,,,,,,,,,,,,,,,,,,,,,,,,,,,,,,,,,,,,,,,,,,,,,,,,,,,,,,,,,,,,,,,,,,,,,,,,,,,,,,,,,,,,,,,,,,,,,,,,800,800,800,800,800,800,800,800,800,800,800,800,800,800,800,800,800,800,800,800,800,,,,,,,,,,,,,,,,,,,,,,,,,,,,,,,,,,,,,,,,,,,,,,,,,,,,,,,,,,,,,,,,,,,,,,,,,,,,,,,,800
,mi,oil_transport_distance_truck,Oil transport Truck distance,100,,,0,,,,,,,,,,,,,,,,,,,,,,,,,,,,,,,,,,,,,,,,,,,,,,,,,,,,,,,,,,,,,,,,,,,,,,,,,,,,,,0,0,0,0,0,0,0,0,0,0,0,0,0,0,0,0,0,0,,,,,,,,,,,,,,,,,,,,,,,,,,,,,,,,,,,,,,,,,,,,,,,,,,,,,,,,,,,,,,,,,,,0,0,0,0,0,,,,,,,,,,,,,,,,,,,,,,,,,,,,,,,,,,,,,,,,,,,,,,,,,,,,,,,,,,,,,,,,,,,,,,,,,,,,,,,,,,,,,,,,,,,,,,,,,,,,,,,,100,100,100,100,100,100,100,100,100,100,100,100,100,100,100,100,100,100,100,100,100,,,,,,,,,,,,,,,,,,,,,,,,,,,,,,,,,,,,,,,,,,,,,,,,,,,,,,,,,,,,,,,,,,,,,,,,,,,,,,,,100
,ton,ocean_tanker_size,Ocean tanker size,250000,,,,,,,,,,,,,,,,,,,,,,,,,,,,,,,,,,,,,,,,,,,,,,,,,,,,,,,,,,,,,,,,,,,,,,,,,,,,,,,,,,,,,,,,,,,,,,,,,,,,,,,,,,,,,,,,,,,,,,,,,,,,,,,,,,,,,,,,,,,,,,,,,,,,,,,,,,,,,,,,,,,,,,,,,,,,,,,,,,,,,,,,,,,,,,,,,,,,,,,,,,,,,,,,,,,,,,,,,,,,,,,,,,,,,,,,,,,,,,,,,,,,,,,,,,,,,,,,,,,,,,,,,,,,,,,,,250000,250000,250000,250000,250000,250000,250000,250000,250000,250000,250000,250000,250000,250000,250000,250000,250000,250000,250000,250000,250000,,,,,,,,,,,,,,,,,,,,,,,,,,,,,,,,,,,,,,,,,,,,,,,,,,,,,,,,,,,,,,,,,,,,,,,,,,,,,,,,250000
Small sources emissions,g CO2eq/MJ,small_sources_adder,Small sources emissions,0.5,,,,,,,,,,,,,,,,,,,,,,,,,,,,,,,,,,,,,,,,,,,,,,,,,,,,,,,,,,,,,,,,,,,,,,,,,,,,,,,,,,,,,,,,,,,,,,,,,,,,,,,,,,,,,,,,,,,,,,,,,,,,,,,,,,,,,,,,,,,,,,,,,,,,,,,,,,,,,,,,,,,,,,,,,0.5,,,,,,,,,,,,,,,,,,,,,,,,,,,,,,,,,,,,,,,,,,,,,,,,,,,,,,,,,,,,,,,,,,,,,,,,,,,,,,,,,,,,,,,,,,,,,,,,,,,,,,,,0.5,0.5,0.5,0.5,0.5,0.5,0.5,0.5,0.5,0.5,0.5,0.5,0.5,0.5,0.5,0.5,0.5,0.5,0.5,0.5,0.5,,,,,,,,,,,,,,,,,,,,,,,,,,,,,,,,,,,,,,,,,,,,,,,,,,,,,,,,,,,,,,,,,,,,,,,,,,,,,,,,0.5